lam_f,lam_b,d_lam,dR_jump,max_gap,area,R_end,rho_spearman,rho_pearson,tag,topo,law,c,sigma,seed,n_nodes,mean_deg
2.1,2.1,0.0,0.11707501791857228,0.07642911500026056,0.028893107075760923,0.9683519536301949,0.03677030050530121,0.044502253284605824,A,er,gauss,0.0,0.0,31,598,5.812709030100335
2.3000000000000003,2.3000000000000003,0.0,0.1157060118856254,0.038930787630634345,0.013776965844367025,0.9641649470166608,0.03525716591568054,0.037757581744502916,A,er,gauss,0.0,0.0,32,600,6.016666666666667
2.1,2.1,0.0,0.265817488725131,0.2596102307006685,0.04481121216041276,0.9683639856596047,-8.730014689738414e-05,-0.0028038093093232983,A,er,gauss,0.0,0.0,33,600,5.99
1.9000000000000001,1.8,0.10000000000000009,0.17016351442557787,0.13222546909220656,0.038955808709554646,0.9369974576017838,0.9911372606333253,0.9814147482600882,A,er,gauss,1.0,0.0,31,598,5.812709030100335
1.8,1.8,0.0,0.13966613583286325,0.10832294765610322,0.031245720443446177,0.9413656778039314,0.9913662329317273,0.9824175894997651,A,er,gauss,1.0,0.0,32,600,6.016666666666667
1.8,1.8,0.0,0.23523726458779354,0.2070059433502462,0.06082226399571243,0.9441696787071162,0.9917918459522667,0.9891323503527826,A,er,gauss,1.0,0.0,33,600,5.99
2.4000000000000004,2.4000000000000004,0.0,0.09532685076145653,0.035305968202631856,0.026043412279353327,0.9673232984085626,0.03677030050530121,0.04126117587383778,A,er,uniform,0.0,0.0,31,598,5.812709030100335
2.6,2.7,-0.10000000000000009,0.1950560726686125,0.08705460247248076,0.02518936969012127,0.9648548374480801,0.03525716591568054,0.03735875937761784,A,er,uniform,0.0,0.0,32,600,6.016666666666667
2.3000000000000003,2.3000000000000003,0.0,0.14550898064366868,0.13498655379701718,0.036346209797316634,0.9670712312282492,-8.730014689738414e-05,-0.004622193973918625,A,er,uniform,0.0,0.0,33,600,5.99
1.9000000000000001,1.9000000000000001,0.0,0.10906553580696729,0.12837302262204273,0.03473545876072992,0.9361705322251004,0.9911372606333253,0.9541131156126561,A,er,uniform,1.0,0.0,31,598,5.812709030100335
1.8,1.8,0.0,0.20414137283417746,0.16856806953624695,0.05041921180128973,0.9477332363961525,0.9913662329317273,0.9657177188123075,A,er,uniform,1.0,0.0,32,600,6.016666666666667
1.8,1.9000000000000001,-0.10000000000000009,0.11437202799782652,0.0412335469303351,0.022938048536197266,0.9452324221431765,0.9917918459522667,0.9758250376666109,A,er,uniform,1.0,0.0,33,600,5.99
3.8000000000000003,4.0,-0.19999999999999973,0.08178766595215732,0.10582204865799973,0.04144774674165411,0.7647636398533927,0.036764250305265735,0.05685045621313139,A,er,lorentz,0.0,0.0,31,598,5.812709030100335
4.2,4.2,0.0,0.15395688719101341,0.1545999892832527,0.0771998697972464,0.7585099940249688,0.03532834246165477,0.03894098864540632,A,er,lorentz,0.0,0.0,32,600,6.016666666666667
3.8000000000000003,3.7,0.10000000000000009,0.12096204481763637,0.08001012640113475,0.04590017348686032,0.7648368123584839,-6.579026128794047e-05,0.0047992197615326785,A,er,lorentz,0.0,0.0,33,600,5.99
4.5,4.4,0.09999999999999964,0.11206694834238137,0.12281469397799977,0.061772110240055134,0.7371975967613078,0.9911372856119426,0.8064465065636538,A,er,lorentz,1.0,0.0,31,598,5.812709030100335
4.0,4.0,0.0,0.14312079892203058,0.1810715322169004,0.057463615429786175,0.7605811318530337,0.9913625875072625,0.7747501671923465,A,er,lorentz,1.0,0.0,32,600,6.016666666666667
3.8000000000000003,3.7,0.10000000000000009,0.10176623669812976,0.08796928492712211,0.040421506650610624,0.7640164932482638,0.991790849654239,0.7696509290376852,A,er,lorentz,1.0,0.0,33,600,5.99
2.8000000000000003,2.8000000000000003,0.0,0.4411064326676646,0.3403327954908693,0.25172346941370105,0.9592768374347654,0.037958375159615296,0.03713865203819337,A,er,bimodal,0.0,0.0,31,598,5.812709030100335
2.6,2.6,0.0,0.24939117579958175,0.2256082034406907,0.1374290786371426,0.9739495293041284,-0.0076473520712685575,-0.027266464536884694,A,er,bimodal,0.0,0.0,32,600,6.016666666666667
2.7,2.7,0.0,0.12695250767798089,0.2600995960239899,0.14329359013486037,0.9593682449921034,-0.0715275562572145,-0.08015041855113175,A,er,bimodal,0.0,0.0,33,600,5.99
2.3000000000000003,2.3000000000000003,0.0,0.1935413402145154,0.3732764754344099,0.10813507767535042,0.9516538223374796,0.9911372606333253,0.8020842284427349,A,er,bimodal,1.0,0.0,31,598,5.812709030100335
2.1,2.2,-0.10000000000000009,0.1699403923216,0.3162517840536597,0.0944874034036638,0.9673050927714738,0.9913662329317273,0.8187793880792342,A,er,bimodal,1.0,0.0,32,600,6.016666666666667
1.6,2.1,-0.5,0.18738360895243733,0.31797093529045956,0.09789169014283833,0.9623343703246783,0.9917918459522667,0.828121972560918,A,er,bimodal,1.0,0.0,33,600,5.99
2.1,2.1,0.0,0.07904026377616569,0.06277535644129723,0.0225162900572506,0.9674501153255988,0.026894491565908674,0.024346080375019195,A,ba,gauss,0.0,0.0,31,600,5.97
2.1,2.0,0.10000000000000009,0.08786732920945575,0.030004916687417726,0.02227526747350103,0.9728439043948047,-0.07632297816224612,-0.07930275249191354,A,ba,gauss,0.0,0.0,32,600,5.97
1.9000000000000001,1.9000000000000001,0.0,0.10825362854704396,0.08797696532628388,0.03208731164191733,0.9697930072953058,-0.02402035282047805,-0.044577043673727494,A,ba,gauss,0.0,0.0,33,600,5.97
1.4000000000000001,1.4000000000000001,0.0,0.09683221750492849,0.022402978224569662,0.011076298596436693,0.9840080117369461,0.965091880200385,0.6435728561039581,A,ba,gauss,1.0,0.0,31,600,5.97
1.4000000000000001,1.5,-0.09999999999999987,0.07022648671623488,0.012145638083811937,0.007293392040271275,0.9846313765447732,0.9638932615674074,0.6480686260394262,A,ba,gauss,1.0,0.0,32,600,5.97
1.4000000000000001,1.4000000000000001,0.0,0.09182107957760487,0.03533022983220376,0.012965324633420653,0.9844790961141047,0.9610510935937745,0.6794020076187884,A,ba,gauss,1.0,0.0,33,600,5.97
2.4000000000000004,2.4000000000000004,0.0,0.05831820990377875,0.0322200496687693,0.015400368343144528,0.9678083746809348,0.026894491565908674,0.022888966021587555,A,ba,uniform,0.0,0.0,31,600,5.97
2.4000000000000004,2.4000000000000004,0.0,0.13156929724714958,0.05056020432417596,0.026142457063607762,0.9717635900765553,-0.07632297816224612,-0.0692945984178541,A,ba,uniform,0.0,0.0,32,600,5.97
2.3000000000000003,2.3000000000000003,0.0,0.07865080141505415,0.07545234053917699,0.03285132547596468,0.9701639868382137,-0.02402035282047805,-0.04430982237355414,A,ba,uniform,0.0,0.0,33,600,5.97
1.6,1.6,0.0,0.04837546784037461,0.020549866872028977,0.013777791625638025,0.9852873345451654,0.965091880200385,0.5543417068515333,A,ba,uniform,1.0,0.0,31,600,5.97
1.6,1.6,0.0,0.050177796723283916,0.021957515837687118,0.010680512026252332,0.9856137567744647,0.9638932615674074,0.5571956513400734,A,ba,uniform,1.0,0.0,32,600,5.97
1.6,1.6,0.0,0.05296400257148952,0.0148611567253647,0.0072163423210312065,0.9854674669191837,0.9610510935937745,0.5911730717216117,A,ba,uniform,1.0,0.0,33,600,5.97
3.7,3.7,0.0,0.06315006450563479,0.04558385334193546,0.0231538558664808,0.7587710395173071,0.027002035225643255,0.032208454731371676,A,ba,lorentz,0.0,0.0,31,600,5.97
4.1000000000000005,4.1000000000000005,0.0,0.06471014161639524,0.05354447361261011,0.030475902238160026,0.7695120347188235,-0.07633705811812941,-0.08481769980528941,A,ba,lorentz,0.0,0.0,32,600,5.97
3.7,3.6,0.10000000000000009,0.06951424745106383,0.03969285033355826,0.026556808136841466,0.7794570743176562,-0.02419502646312629,-0.05480515910454053,A,ba,lorentz,0.0,0.0,33,600,5.97
5.0,5.0,0.0,0.23872401196945908,0.27797697380174946,0.12477124925051951,0.8489937529162122,0.9650918110961025,0.7351188395673587,A,ba,lorentz,1.0,0.0,31,600,5.97
5.800000000000001,5.1000000000000005,0.7000000000000002,0.5774838079811768,0.6049953607898069,0.4463353321046216,0.8489206681072418,0.9638932188635072,0.7413764834179124,A,ba,lorentz,1.0,0.0,32,600,5.97
5.0,4.800000000000001,0.1999999999999993,0.31401845125218175,0.394043389160408,0.19906290445912803,0.8483937635959558,0.9610509296143612,0.7531097390921924,A,ba,lorentz,1.0,0.0,33,600,5.97
2.7,2.6,0.10000000000000009,0.1330415408726135,0.20984134033008078,0.09203628081406949,0.9717146816402799,0.08602572700275739,0.09421185598601083,A,ba,bimodal,0.0,0.0,31,600,5.97
2.7,2.7,0.0,0.11603873123794686,0.22107064243351443,0.08630457103499001,0.9711949442900014,-0.09185165402189847,-0.08491455925004049,A,ba,bimodal,0.0,0.0,32,600,5.97
2.6,2.7,-0.10000000000000009,0.11350839866241075,0.16817504684567586,0.0856165522224832,0.9695743841209122,0.002364576191433113,-0.04393013451080112,A,ba,bimodal,0.0,0.0,33,600,5.97
2.5,2.4000000000000004,0.09999999999999964,0.2036992927811313,0.3548627703854527,0.10054610589061544,0.980851149292057,0.965091880200385,0.42289270137336915,A,ba,bimodal,1.0,0.0,31,600,5.97
0.7000000000000001,2.4000000000000004,-1.7000000000000002,0.19600082623975212,0.3371700087868028,0.09272571598224284,0.9813670516289339,0.9638932615674074,0.4236699981714998,A,ba,bimodal,1.0,0.0,32,600,5.97
0.8,1.8,-1.0,0.2577545102708192,0.33952590457670656,0.10527554531765301,0.9827400869168422,0.9610510935937745,0.45523083627195843,A,ba,bimodal,1.0,0.0,33,600,5.97
2.2,2.1,0.10000000000000009,0.0651478622028937,0.04069019218367445,0.029327192243083944,0.934748493178457,-0.0013160129634267833,-0.026265198252506308,A,sf,gauss,0.0,0.0,31,600,5.053333333333334
2.2,2.2,0.0,0.09697456208438236,0.05039026905477581,0.029223226660023454,0.9272060305642299,-0.05488859988372898,0.012238885494716415,A,sf,gauss,0.0,0.0,32,600,5.256666666666667
2.2,2.2,0.0,0.0655802726112445,0.03505666745202325,0.02077981698724219,0.9272918359701491,-0.039447947176971636,-0.02856925897083508,A,sf,gauss,0.0,0.0,33,600,4.676666666666667
1.8,1.8,0.0,0.05383188206692063,0.02801573661683774,0.021886980193497677,0.9368171977915516,0.9771123055384189,0.70527936623344,A,sf,gauss,1.0,0.0,31,600,5.053333333333334
1.8,1.8,0.0,0.05173367598108386,0.016496434298748558,0.016036417103488895,0.9188852828532768,0.9742892127646898,0.662384028337975,A,sf,gauss,1.0,0.0,32,600,5.256666666666667
1.9000000000000001,1.9000000000000001,0.0,0.05757975008007829,0.027811548636428013,0.02005007896533155,0.9181559540315237,0.973262051098464,0.6563359704492763,A,sf,gauss,1.0,0.0,33,600,4.676666666666667
2.5,2.6,-0.10000000000000009,0.08849846709184042,0.029154250447497615,0.01816086833392474,0.9302534843344005,-0.0013160129634267833,-0.01794865309066864,A,sf,uniform,0.0,0.0,31,600,5.053333333333334
2.6,2.7,-0.10000000000000009,0.044001507139060286,0.021125874637704045,0.014148949989303234,0.9270327859761043,-0.05488859988372898,0.0030226502385176843,A,sf,uniform,0.0,0.0,32,600,5.256666666666667
2.6,2.6,0.0,0.060880404619781336,0.026533699213249134,0.023182289935902836,0.9296647002797725,-0.039447947176971636,-0.036107006089788785,A,sf,uniform,0.0,0.0,33,600,4.676666666666667
1.9000000000000001,1.9000000000000001,0.0,0.04376895116642687,0.02746895784156212,0.012877995700334889,0.9349466767856196,0.9771123055384189,0.6190576078791454,A,sf,uniform,1.0,0.0,31,600,5.053333333333334
2.0,2.0,0.0,0.051481546155384916,0.025361731624191808,0.015869560270679494,0.9158743206973073,0.9742892127646898,0.5701217626892687,A,sf,uniform,1.0,0.0,32,600,5.256666666666667
2.1,2.1,0.0,0.050544376869464946,0.015690486243544806,0.017389601267946152,0.914978717451595,0.973262051098464,0.5642201677489321,A,sf,uniform,1.0,0.0,33,600,4.676666666666667
4.2,4.2,0.0,0.05313179113747486,0.022212694094380314,0.02866084295814296,0.7274927222247515,-0.0013726723346994619,-0.04287056190311346,A,sf,lorentz,0.0,0.0,31,600,5.053333333333334
4.3,4.4,-0.10000000000000053,0.056363986935867375,0.022811592853813317,0.022991736308252693,0.6939961497018584,-0.05495442794064984,0.029235374315269222,A,sf,lorentz,0.0,0.0,32,600,5.256666666666667
3.8000000000000003,3.8000000000000003,0.0,0.043150939823020096,0.04866331758564052,0.03552261007388584,0.6841980743408985,-0.039429662200877166,-0.0028910259869735612,A,sf,lorentz,0.0,0.0,33,600,4.676666666666667
7.300000000000001,7.0,0.3000000000000007,0.5103534057649057,0.5146942962989509,0.28414852768502463,0.6850476186751854,0.9771008890953105,0.7605644442553281,A,sf,lorentz,1.0,0.0,31,600,5.053333333333334
7.9,6.9,1.0,0.39704678626690465,0.5466081234189861,0.6499045576219435,0.6371298129647701,0.9742690334024974,0.7690395526156023,A,sf,lorentz,1.0,0.0,32,600,5.256666666666667
,,,0.054370249078839285,0.06419284118955994,0.0652751846051438,0.06549146752922862,0.9732394509962062,0.7618766734558192,A,sf,lorentz,1.0,0.0,33,600,4.676666666666667
3.0,3.0,0.0,0.07749138300596342,0.1773713216379215,0.08478178209847129,0.9465058751573939,-0.0056946017614903045,-0.04559374307248888,A,sf,bimodal,0.0,0.0,31,600,5.053333333333334
3.0,3.0,0.0,0.09205202384874667,0.1253677176530626,0.06105058000966444,0.9290374278498862,0.0702735051010377,0.08280000330010748,A,sf,bimodal,0.0,0.0,32,600,5.256666666666667
2.8000000000000003,2.9000000000000004,-0.10000000000000009,0.08514883596666137,0.10802898242564435,0.056748963031995135,0.9454348942035564,0.034588645159674206,0.05245771961332762,A,sf,bimodal,0.0,0.0,33,600,4.676666666666667
2.7,2.6,0.10000000000000009,0.17558726040903017,0.22750850535468603,0.048295944836636004,0.9447909707086404,0.9771123055384189,0.4719439478870093,A,sf,bimodal,1.0,0.0,31,600,5.053333333333334
2.7,2.7,0.0,0.13754274608807485,0.1988779620506337,0.05076371098369073,0.9278452078089166,0.9742892127646898,0.42488915371845865,A,sf,bimodal,1.0,0.0,32,600,5.256666666666667
2.6,2.8000000000000003,-0.20000000000000018,0.17821884038369692,0.26615314039116933,0.06917169044624637,0.9240920981128663,0.973262051098464,0.4274551055182761,A,sf,bimodal,1.0,0.0,33,600,4.676666666666667
3.8000000000000003,4.0,-0.19999999999999973,0.40868168742544375,0.4630848115379994,0.2484170742180534,0.9188512770837032,-0.03881282129881288,-0.03692616666552309,A,ws,gauss,0.0,0.0,31,600,6.0
4.6000000000000005,4.5,0.10000000000000053,0.16154541969130576,0.2005044014803145,0.18564613172550914,0.8974418949967805,-0.010467724123138988,0.002648870050276668,A,ws,gauss,0.0,0.0,32,600,6.0
4.7,4.6000000000000005,0.09999999999999964,0.2110968794458537,0.20257423807211491,0.1961482009559842,0.7616315521023747,0.015484110983010986,0.027205782112677882,A,ws,gauss,0.0,0.0,33,600,6.0
4.2,5.2,-1.0,0.3137457119920447,0.22943029345262103,0.2387511873107276,0.9020301832777508,0.8824814583722997,0.9128433831380822,A,ws,gauss,1.0,0.0,31,600,6.0
4.1000000000000005,4.3,-0.1999999999999993,0.31986542503794035,0.21012329977345584,0.11673035893851133,0.9232414816217643,0.8960053832081075,0.9243440593590915,A,ws,gauss,1.0,0.0,32,600,6.0
5.300000000000001,5.800000000000001,-0.5,0.27414441785354177,0.16749871026985097,0.19999089603062303,0.8405696854367147,0.8575050620435806,0.8973020099393261,A,ws,gauss,1.0,0.0,33,600,6.0
3.7,4.1000000000000005,-0.40000000000000036,0.44059819416137425,0.6086781395546975,0.3337883877194158,0.9266301329595051,-0.03881282129881288,-0.0424919384284688,A,ws,uniform,0.0,0.0,31,600,6.0
4.3,4.800000000000001,-0.5000000000000009,0.23941199286900872,0.25013973524240424,0.15699669057322807,0.8826069406635165,-0.010467724123138988,-0.008054260471025938,A,ws,uniform,0.0,0.0,32,600,6.0
4.1000000000000005,4.800000000000001,-0.7000000000000002,0.25135246819997836,0.28086263580839876,0.20764406900833665,0.774105148782783,0.015484110983010986,0.02721268119010221,A,ws,uniform,0.0,0.0,33,600,6.0
3.8000000000000003,4.800000000000001,-1.0000000000000004,0.1994895456183145,0.24740301526211833,0.23121776585747097,0.8818971001910987,0.8824814583722997,0.8611830065092656,A,ws,uniform,1.0,0.0,31,600,6.0
4.4,4.800000000000001,-0.40000000000000036,0.39027495282943775,0.3103208764747786,0.2525486885559806,0.8948295901726062,0.8960053832081075,0.8708195354269078,A,ws,uniform,1.0,0.0,32,600,6.0
5.1000000000000005,5.6000000000000005,-0.5,0.28605571290392146,0.24746002429975572,0.23712028899637472,0.8317484560311984,0.8575050620435806,0.8329946359925027,A,ws,uniform,1.0,0.0,33,600,6.0
,,,0.16696808953074957,0.11629889361109715,0.13065591335993232,0.18508814886422853,-0.03874870887745396,-0.02090297523842244,A,ws,lorentz,0.0,0.0,31,600,6.0
,,,0.13310316977085335,0.1250881849267053,0.10246425730006004,0.1876366666164486,-0.010536078019822438,0.006607979445103138,A,ws,lorentz,0.0,0.0,32,600,6.0
,,,0.16614622899512577,0.14892029741743584,0.12733135619596167,0.31583767050147254,0.015477809238233838,0.012691756782064814,A,ws,lorentz,0.0,0.0,33,600,6.0
,,,0.17487890505150577,0.1124778758172933,0.13820793049311927,0.18000409794709377,0.8824804277231296,0.8029303745076131,A,ws,lorentz,1.0,0.0,31,600,6.0
,,,0.10461192346969315,0.09126527310427798,0.13486228762068733,0.11005905587949293,0.8960020070659075,0.8127403365380613,A,ws,lorentz,1.0,0.0,32,600,6.0
,,,0.11849185607602568,0.09213210673282497,0.13855556923418583,0.09213737217751317,0.8575038225268167,0.8179879325306134,A,ws,lorentz,1.0,0.0,33,600,6.0
4.9,5.6000000000000005,-0.7000000000000002,0.29387423736082574,0.3937495804967769,0.27161471791220176,0.8767378645041518,0.013518514843360521,-0.007179189581038949,A,ws,bimodal,0.0,0.0,31,600,6.0
4.7,4.9,-0.20000000000000018,0.31573311331487314,0.2802966890368677,0.3152566248317681,0.8958725878566207,0.04235508391660462,0.033758135217339356,A,ws,bimodal,0.0,0.0,32,600,6.0
5.0,5.800000000000001,-0.8000000000000007,0.4840599893932289,0.2031505091637809,0.21344100882949563,0.8422391942887352,0.014285961180651495,0.03695978187513998,A,ws,bimodal,0.0,0.0,33,600,6.0
4.4,4.9,-0.5,0.4143756659214459,0.22801664431833019,0.1946921155288692,0.8895138689915766,0.8824814583722997,0.6423457217927239,A,ws,bimodal,1.0,0.0,31,600,6.0
3.8000000000000003,3.7,0.10000000000000009,0.195961950338138,0.22690256815250198,0.291201420814963,0.9169695325576914,0.8960053832081075,0.6522991486842747,A,ws,bimodal,1.0,0.0,32,600,6.0
4.0,4.5,-0.5,0.4743772943541744,0.33627933979318386,0.21362971640063833,0.9140743462366117,0.8575050620435806,0.6101066196833873,A,ws,bimodal,1.0,0.0,33,600,6.0
,,,0.2219313743080734,0.2417843186129836,0.2753658951156356,0.08982779140708144,0.0,0.0,A,ring,gauss,0.0,0.0,31,600,6.0
,,,0.21652729627014575,0.2214717483910892,0.2275890705497114,0.236348901642975,0.0,0.0,A,ring,gauss,0.0,0.0,32,600,6.0
,,,0.13289875166697313,0.10492221820833038,0.13177452088614086,0.06653359211645489,0.0,0.0,A,ring,gauss,0.0,0.0,33,600,6.0
,,,0.19197205001964168,0.1630998039506897,0.21536001950954664,0.12527594976741946,0.0,0.0,A,ring,gauss,1.0,0.0,31,600,6.0
,,,0.21447573536516928,0.1201242221357661,0.22746460004180669,0.28480612797019467,0.0,0.0,A,ring,gauss,1.0,0.0,32,600,6.0
,,,0.1418821819077361,0.19870254613085264,0.2027185989063472,0.03256569473843233,0.0,0.0,A,ring,gauss,1.0,0.0,33,600,6.0
,,,0.13980586147552942,0.1635756080148245,0.2674578829131286,0.2243121755101792,0.0,0.0,A,ring,uniform,0.0,0.0,31,600,6.0
,,,0.12206900144723216,0.1858427125705635,0.2287619797169396,0.0673028524372997,0.0,0.0,A,ring,uniform,0.0,0.0,32,600,6.0
,,,0.2192811639992081,0.16230939986523907,0.19928616254536657,0.12488063705169884,0.0,0.0,A,ring,uniform,0.0,0.0,33,600,6.0
,,,0.1399297063132729,0.1595188730647929,0.18914828005931503,0.09321355221922584,0.0,0.0,A,ring,uniform,1.0,0.0,31,600,6.0
,,,0.20416016110525814,0.23697404544141132,0.22295497512563212,0.10149538263934002,0.0,0.0,A,ring,uniform,1.0,0.0,32,600,6.0
,,,0.1645754891478439,0.16913423942888237,0.2041040548774254,0.10617474175009166,0.0,0.0,A,ring,uniform,1.0,0.0,33,600,6.0
,,,0.07671300799134649,0.06550538959585026,0.0893488410668523,0.1236582966658872,0.0,0.0,A,ring,lorentz,0.0,0.0,31,600,6.0
,,,0.07955156258795368,0.11169926253613313,0.08770486853090234,0.11924366234054398,0.0,0.0,A,ring,lorentz,0.0,0.0,32,600,6.0
,,,0.10134102798134034,0.1092047634498359,0.09720201299479404,0.06640951495086485,0.0,0.0,A,ring,lorentz,0.0,0.0,33,600,6.0
,,,0.07851690173815548,0.05788965653330858,0.06322265691130007,0.08782629090742057,0.0,0.0,A,ring,lorentz,1.0,0.0,31,600,6.0
,,,0.06439650394083059,0.06750895462115841,0.10517002727622642,0.055491815712303924,0.0,0.0,A,ring,lorentz,1.0,0.0,32,600,6.0
,,,0.11008054863935166,0.09966815382958172,0.10520870247634495,0.16037471006206777,0.0,0.0,A,ring,lorentz,1.0,0.0,33,600,6.0
,,,0.16880509508692826,0.17850043585412156,0.22885851573758892,0.07696997716911591,0.0,0.0,A,ring,bimodal,0.0,0.0,31,600,6.0
,,,0.1447254447622902,0.13472361466640947,0.19735905458428765,0.016552369828665432,0.0,0.0,A,ring,bimodal,0.0,0.0,32,600,6.0
,,,0.12999711699195926,0.1415922770877212,0.134323691535003,0.07314889776117339,0.0,0.0,A,ring,bimodal,0.0,0.0,33,600,6.0
,,,0.21187406562622751,0.23026492633222656,0.16038088281383173,0.06184616118959523,0.0,0.0,A,ring,bimodal,1.0,0.0,31,600,6.0
,,,0.2230195334304158,0.21048095398698424,0.24386686553714337,0.13271619228309425,0.0,0.0,A,ring,bimodal,1.0,0.0,32,600,6.0
,,,0.1456772377967594,0.13235495640608708,0.175944387386478,0.049251760438907076,0.0,0.0,A,ring,bimodal,1.0,0.0,33,600,6.0
2.3000000000000003,2.3000000000000003,0.0,0.21054540325081564,0.14742526021164,0.046476160351110386,0.9855647117327442,0.0,0.0,A,rr,gauss,0.0,0.0,31,600,6.0
2.3000000000000003,2.3000000000000003,0.0,0.21532481071177878,0.05928211441811354,0.032510691735854566,0.98525981534497,0.0,0.0,A,rr,gauss,0.0,0.0,32,600,6.0
2.5,2.4000000000000004,0.09999999999999964,0.15900421658038144,0.09751863713026393,0.028378240975058006,0.9821504392599069,0.0,0.0,A,rr,gauss,0.0,0.0,33,600,6.0
2.3000000000000003,2.2,0.10000000000000009,0.20058509763501745,0.11428973290791478,0.03902574025331627,0.9869251513349017,0.0,0.0,A,rr,gauss,1.0,0.0,31,600,6.0
2.5,2.5,0.0,0.19736211631520145,0.09767558841722657,0.04897788359062814,0.9842971119017164,0.0,0.0,A,rr,gauss,1.0,0.0,32,600,6.0
2.4000000000000004,2.4000000000000004,0.0,0.2157444909763006,0.15265350678820866,0.05691872649535149,0.9834284267306987,0.0,0.0,A,rr,gauss,1.0,0.0,33,600,6.0
2.6,2.6,0.0,0.16031163637043633,0.08193261999746357,0.032106724445520894,0.9855108147049412,0.0,0.0,A,rr,uniform,0.0,0.0,31,600,6.0
2.6,2.5,0.10000000000000009,0.24928557971909365,0.1530022367082305,0.041291410248633954,0.9852964958816888,0.0,0.0,A,rr,uniform,0.0,0.0,32,600,6.0
2.8000000000000003,2.7,0.10000000000000009,0.3724419104614996,0.3127293546596211,0.071980599438037,0.9824876557324377,0.0,0.0,A,rr,uniform,0.0,0.0,33,600,6.0
2.5,2.5,0.0,0.4147645920793165,0.08246059200499722,0.034173717797362474,0.9865068803356427,0.0,0.0,A,rr,uniform,1.0,0.0,31,600,6.0
2.7,2.7,0.0,0.22889815284170478,0.20713091741990763,0.0834527654149686,0.984475449579762,0.0,0.0,A,rr,uniform,1.0,0.0,32,600,6.0
2.8000000000000003,2.7,0.10000000000000009,0.24761597039080618,0.1378463561832216,0.04630680076091978,0.9834607682047373,0.0,0.0,A,rr,uniform,1.0,0.0,33,600,6.0
4.0,3.9000000000000004,0.09999999999999964,0.10473561895446613,0.07288460234980584,0.04481062533512008,0.8048955842412411,0.0,0.0,A,rr,lorentz,0.0,0.0,31,600,6.0
4.2,4.1000000000000005,0.09999999999999964,0.15425109426407935,0.0735383015829949,0.04416796045097359,0.8053577422049852,0.0,0.0,A,rr,lorentz,0.0,0.0,32,600,6.0
4.5,4.3,0.20000000000000018,0.11791524506347104,0.09987825618520751,0.04651768405450711,0.7946098755094264,0.0,0.0,A,rr,lorentz,0.0,0.0,33,600,6.0
4.0,3.9000000000000004,0.09999999999999964,0.23582525359069395,0.1423060056690471,0.07255849683547966,0.8152918399814826,0.0,0.0,A,rr,lorentz,1.0,0.0,31,600,6.0
4.4,4.4,0.0,0.1466526004164601,0.08144726029755814,0.046330530167879865,0.8096216371553515,0.0,0.0,A,rr,lorentz,1.0,0.0,32,600,6.0
4.3,4.3,0.0,0.08576322931533126,0.05138513113951815,0.03692727178877024,0.7962373119841164,0.0,0.0,A,rr,lorentz,1.0,0.0,33,600,6.0
1.0,2.7,-1.7000000000000002,0.361482364350241,0.6941421240725021,0.4291507736363891,0.9828797891511223,0.0,0.0,A,rr,bimodal,0.0,0.0,31,600,6.0
1.3,2.7,-1.4000000000000001,0.7107619417433778,0.7142103586161043,0.2831319157430078,0.9832043993331977,0.0,0.0,A,rr,bimodal,0.0,0.0,32,600,6.0
3.0,2.7,0.2999999999999998,0.5613483922727794,0.6632174821305402,0.27615934194245395,0.9847270976136716,0.0,0.0,A,rr,bimodal,0.0,0.0,33,600,6.0
1.0,2.7,-1.7000000000000002,0.7049898676000043,0.7732386720108642,0.5912636529766523,0.9832889902355676,0.0,0.0,A,rr,bimodal,1.0,0.0,31,600,6.0
3.0,2.7,0.2999999999999998,0.5889311961895904,0.6585546211648425,0.2756527198197265,0.983371008787014,0.0,0.0,A,rr,bimodal,1.0,0.0,32,600,6.0
1.4000000000000001,2.8000000000000003,-1.4000000000000001,0.4486949503743759,0.6819384618604771,0.45112161570930376,0.98229714002653,0.0,0.0,A,rr,bimodal,1.0,0.0,33,600,6.0
