topo,law,c,lam_f,lam_b,d_lam,dR_jump,area,rho_spearman,n,mean_deg,k2,kappa,k_max,cv_k,clustering,transitivity,C_rand,clustering_ratio,assortativity,path_len,small_world_sigma,lam_max_A,mu2_L,muN_L,eigenratio,g0,lam_c_theory,ratio
ba,bimodal,0.0,2.6666666666666665,2.6666666666666665,0.0,0.120862890257657,0.08798580135718086,-0.001153783609236,600,5.97,82.56333333333333,2.316533346052803,79.0,1.147402869986302,0.0506038537770569,0.0297676037949342,0.0099666110183639,5.077338092538882,-0.0657713654013239,3.2280189204229277,5.631298423516169,13.55576303163251,1.2403027914997806,80.18714528040191,64.65126566669997,0.0,,
ba,bimodal,1.0,1.3333333333333333,2.2,-0.8666666666666668,0.2191515430972342,0.09951578906350374,0.963345411787189,600,5.97,82.56333333333333,2.316533346052803,79.0,1.147402869986302,0.0506038537770569,0.0297676037949342,0.0099666110183639,5.077338092538882,-0.0657713654013239,3.2280189204229277,5.631298423516169,13.55576303163251,1.2403027914997806,80.18714528040191,64.65126566669997,0.0,,
ba,gauss,0.0,2.033333333333333,2.0,0.03333333333333333,0.09172040717755507,0.025626289724222966,-0.024482946472271835,600,5.97,82.56333333333333,2.316533346052803,79.0,1.147402869986302,0.0506038537770569,0.0297676037949342,0.0099666110183639,5.077338092538882,-0.0657713654013239,3.2280189204229277,5.631298423516169,13.55576303163251,1.2403027914997806,80.18714528040191,64.65126566669997,0.3989422804014327,0.6888608464561065,2.9517330587069375
ba,gauss,1.0,1.3999999999999997,1.4333333333333333,-0.033333333333333263,0.08629326126625599,0.0104450050900428,0.963345411787189,600,5.97,82.56333333333333,2.316533346052803,79.0,1.147402869986302,0.0506038537770569,0.0297676037949342,0.0099666110183639,5.077338092538882,-0.0657713654013239,3.2280189204229277,5.631298423516169,13.55576303163251,1.2403027914997806,80.18714528040191,64.65126566669997,0.3989422804014327,0.6888608464561065,2.0323407945195306
ba,lorentz,0.0,3.8333333333333335,3.8000000000000003,0.03333333333333333,0.06579148452436456,0.026728855413827402,-0.024510016451870797,600,5.97,82.56333333333333,2.316533346052803,79.0,1.147402869986302,0.0506038537770569,0.0297676037949342,0.0099666110183639,5.077338092538882,-0.0657713654013239,3.2280189204229277,5.631298423516169,13.55576303163251,1.2403027914997806,80.18714528040191,64.65126566669997,0.3183098861837907,0.8633590375065605,4.440022246601206
ba,lorentz,1.0,5.266666666666667,4.966666666666668,0.2999999999999998,0.37674209040093914,0.2567231619380897,0.9633453198579902,600,5.97,82.56333333333333,2.316533346052803,79.0,1.147402869986302,0.0506038537770569,0.0297676037949342,0.0099666110183639,5.077338092538882,-0.0657713654013239,3.2280189204229277,5.631298423516169,13.55576303163251,1.2403027914997806,80.18714528040191,64.65126566669997,0.3183098861837907,0.8633590375065605,6.100204477939047
ba,uniform,0.0,2.366666666666667,2.366666666666667,0.0,0.08951276952199409,0.024798050294238937,-0.024482946472271835,600,5.97,82.56333333333333,2.316533346052803,79.0,1.147402869986302,0.0506038537770569,0.0297676037949342,0.0099666110183639,5.077338092538882,-0.0657713654013239,3.2280189204229277,5.631298423516169,13.55576303163251,1.2403027914997806,80.18714528040191,64.65126566669997,0.2886751345948129,0.9519895690018269,2.486021636926282
ba,uniform,1.0,1.6000000000000003,1.6000000000000003,0.0,0.050505755711716005,0.010558215324307167,0.963345411787189,600,5.97,82.56333333333333,2.316533346052803,79.0,1.147402869986302,0.0506038537770569,0.0297676037949342,0.0099666110183639,5.077338092538882,-0.0657713654013239,3.2280189204229277,5.631298423516169,13.55576303163251,1.2403027914997806,80.18714528040191,64.65126566669997,0.2886751345948129,0.9519895690018269,1.6806906841191764
er,bimodal,0.0,2.7000000000000006,2.7000000000000006,0.0,0.27248337204840906,0.1774820460619013,-0.013738844389622603,598,5.812709030100335,39.74916387959866,1.1764428380173235,16.0,0.4200509945439047,0.0129378935817062,0.0124174632896422,0.009736531038694,1.3287990897671562,0.0127986388542973,3.779955332216639,1.2770070327741672,7.055570371024691,0.3239858450961752,17.61745150457594,54.37722595364066,0.0,,
er,bimodal,1.0,2.0,2.2,-0.19999999999999998,0.18362178049618424,0.10017139040728416,0.9914317798391065,598,5.812709030100335,39.74916387959866,1.1764428380173235,16.0,0.4200509945439047,0.0129378935817062,0.0124174632896422,0.009736531038694,1.3287990897671562,0.0127986388542973,3.779955332216639,1.2770070327741672,7.055570371024691,0.3239858450961752,17.61745150457594,54.37722595364066,0.0,,
er,gauss,0.0,2.1666666666666665,2.1666666666666665,0.0,0.16619950617644286,0.029160428360180197,0.02398005542469477,598,5.812709030100335,39.74916387959866,1.1764428380173235,16.0,0.4200509945439047,0.0129378935817062,0.0124174632896422,0.009736531038694,1.3287990897671562,0.0127986388542973,3.779955332216639,1.2770070327741672,7.055570371024691,0.3239858450961752,17.61745150457594,54.37722595364066,0.3989422804014327,1.3564357485444034,1.597323477349904
er,gauss,1.0,1.8333333333333333,1.8,0.03333333333333333,0.1816889716154115,0.0436745977162377,0.9914317798391065,598,5.812709030100335,39.74916387959866,1.1764428380173235,16.0,0.4200509945439047,0.0129378935817062,0.0124174632896422,0.009736531038694,1.3287990897671562,0.0127986388542973,3.779955332216639,1.2770070327741672,7.055570371024691,0.3239858450961752,17.61745150457594,54.37722595364066,0.3989422804014327,1.3564357485444034,1.3515814039114573
er,lorentz,0.0,3.9333333333333336,3.966666666666667,-0.033333333333333236,0.118902199320269,0.05484926334192027,0.02400893416854415,598,5.812709030100335,39.74916387959866,1.1764428380173235,16.0,0.4200509945439047,0.0129378935817062,0.0124174632896422,0.009736531038694,1.3287990897671562,0.0127986388542973,3.779955332216639,1.2770070327741672,7.055570371024691,0.3239858450961752,17.61745150457594,54.37722595364066,0.3183098861837907,1.700040100010834,2.313670914767403
er,lorentz,1.0,4.1000000000000005,4.033333333333334,0.06666666666666654,0.11898466132084717,0.05321907744015061,0.9914302409244814,598,5.812709030100335,39.74916387959866,1.1764428380173235,16.0,0.4200509945439047,0.0129378935817062,0.0124174632896422,0.009736531038694,1.3287990897671562,0.0127986388542973,3.779955332216639,1.2770070327741672,7.055570371024691,0.3239858450961752,17.61745150457594,54.37722595364066,0.3183098861837907,1.700040100010834,2.4117078179355134
er,uniform,0.0,2.4333333333333336,2.466666666666667,-0.03333333333333333,0.14529730135791252,0.02919299725559703,0.02398005542469477,598,5.812709030100335,39.74916387959866,1.1764428380173235,16.0,0.4200509945439047,0.0129378935817062,0.0124174632896422,0.009736531038694,1.3287990897671562,0.0127986388542973,3.779955332216639,1.2770070327741672,7.055570371024691,0.3239858450961752,17.61745150457594,54.37722595364066,0.2886751345948129,1.8745624610234517,1.2980806902560136
er,uniform,1.0,1.8333333333333333,1.8666666666666665,-0.03333333333333333,0.14252631221299036,0.036030906366072264,0.9914317798391065,598,5.812709030100335,39.74916387959866,1.1764428380173235,16.0,0.4200509945439047,0.0129378935817062,0.0124174632896422,0.009736531038694,1.3287990897671562,0.0127986388542973,3.779955332216639,1.2770070327741672,7.055570371024691,0.3239858450961752,17.61745150457594,54.37722595364066,0.2886751345948129,1.8745624610234517,0.9780059995079552
ring,bimodal,0.0,,,,0.14784255228039253,0.1868470872856265,0.0,600,6.0,36.0,1.0,6.0,0.0,0.6,0.6,0.010016694490818,59.9,,50.41736227045075,4.241686514333321,5.999999999999999,0.0015351735878058,8.630895778186485,5622.097622537971,0.0,,
ring,bimodal,1.0,,,,0.19352361228446757,0.19339737857915099,0.0,600,6.0,36.0,1.0,6.0,0.0,0.6,0.6,0.010016694490818,59.9,,50.41736227045075,4.241686514333321,5.999999999999999,0.0015351735878058,8.630895778186485,5622.097622537971,0.0,,
ring,gauss,0.0,,,,0.19045247408173072,0.2115764955171626,0.0,600,6.0,36.0,1.0,6.0,0.0,0.6,0.6,0.010016694490818,59.9,,50.41736227045075,4.241686514333321,5.999999999999999,0.0015351735878058,8.630895778186485,5622.097622537971,0.3989422804014327,1.5957691216057306,
ring,gauss,1.0,,,,0.1827766557641823,0.21518107281923346,0.0,600,6.0,36.0,1.0,6.0,0.0,0.6,0.6,0.010016694490818,59.9,,50.41736227045075,4.241686514333321,5.999999999999999,0.0015351735878058,8.630895778186485,5622.097622537971,0.3989422804014327,1.5957691216057306,
ring,lorentz,0.0,,,,0.08586853285354677,0.0914185741975162,0.0,600,6.0,36.0,1.0,6.0,0.0,0.6,0.6,0.010016694490818,59.9,,50.41736227045075,4.241686514333321,5.999999999999999,0.0015351735878058,8.630895778186485,5622.097622537971,0.3183098861837907,2.0,
ring,lorentz,1.0,,,,0.0843313181061125,0.09120046222129043,0.0,600,6.0,36.0,1.0,6.0,0.0,0.6,0.6,0.010016694490818,59.9,,50.41736227045075,4.241686514333321,5.999999999999999,0.0015351735878058,8.630895778186485,5622.097622537971,0.3183098861837907,2.0,
ring,uniform,0.0,,,,0.16038534230732318,0.2318353417251449,0.0,600,6.0,36.0,1.0,6.0,0.0,0.6,0.6,0.010016694490818,59.9,,50.41736227045075,4.241686514333321,5.999999999999999,0.0015351735878058,8.630895778186485,5622.097622537971,0.2886751345948129,2.205315581687168,
ring,uniform,1.0,,,,0.1695551188554583,0.2054024366874575,0.0,600,6.0,36.0,1.0,6.0,0.0,0.6,0.6,0.010016694490818,59.9,,50.41736227045075,4.241686514333321,5.999999999999999,0.0015351735878058,8.630895778186485,5622.097622537971,0.2886751345948129,2.205315581687168,
rr,bimodal,0.0,1.7666666666666666,2.7000000000000006,-0.9333333333333335,0.5445308994554661,0.32948067710728357,0.0,600,6.0,36.0,1.0,6.0,0.0,0.005,0.005,0.010016694490818,0.4991666666666667,,3.856343906510852,0.462127364707989,5.999999999999995,1.5841583160967956,10.435824962420256,6.5876149223097,0.0,,
rr,bimodal,1.0,1.8,2.733333333333334,-0.9333333333333335,0.5808720047213235,0.43934599616856085,0.0,600,6.0,36.0,1.0,6.0,0.0,0.005,0.005,0.010016694490818,0.4991666666666667,,3.856343906510852,0.462127364707989,5.999999999999995,1.5841583160967956,10.435824962420256,6.5876149223097,0.0,,
rr,gauss,0.0,2.3666666666666667,2.3333333333333335,0.0333333333333332,0.19495814351432525,0.0357883643540076,0.0,600,6.0,36.0,1.0,6.0,0.0,0.005,0.005,0.010016694490818,0.4991666666666667,,3.856343906510852,0.462127364707989,5.999999999999995,1.5841583160967956,10.435824962420256,6.5876149223097,0.3989422804014327,1.5957691216057306,1.483088395823342
rr,gauss,1.0,2.4000000000000004,2.3666666666666667,0.03333333333333333,0.2045639016421731,0.04830745011309857,0.0,600,6.0,36.0,1.0,6.0,0.0,0.005,0.005,0.010016694490818,0.4991666666666667,,3.856343906510852,0.462127364707989,5.999999999999995,1.5841583160967956,10.435824962420256,6.5876149223097,0.3989422804014327,1.5957691216057306,1.5039769647786005
rr,lorentz,0.0,4.233333333333333,4.1000000000000005,0.1333333333333331,0.12563398609400547,0.0451654232802002,0.0,600,6.0,36.0,1.0,6.0,0.0,0.005,0.005,0.010016694490818,0.4991666666666667,,3.856343906510852,0.462127364707989,5.999999999999995,1.5841583160967956,10.435824962420256,6.5876149223097,0.3183098861837907,2.0,2.1166666666666667
rr,lorentz,1.0,4.233333333333333,4.2,0.0333333333333332,0.15608036110749507,0.0519387662640432,0.0,600,6.0,36.0,1.0,6.0,0.0,0.005,0.005,0.010016694490818,0.4991666666666667,,3.856343906510852,0.462127364707989,5.999999999999995,1.5841583160967956,10.435824962420256,6.5876149223097,0.3183098861837907,2.0,2.1166666666666667
rr,uniform,0.0,2.6666666666666665,2.6,0.06666666666666667,0.26067970885034314,0.0484595780440639,0.0,600,6.0,36.0,1.0,6.0,0.0,0.005,0.005,0.010016694490818,0.4991666666666667,,3.856343906510852,0.462127364707989,5.999999999999995,1.5841583160967956,10.435824962420256,6.5876149223097,0.2886751345948129,2.205315581687168,1.2091995761561454
rr,uniform,1.0,2.6666666666666665,2.6333333333333333,0.03333333333333333,0.29709290510394243,0.054644427991083565,0.0,600,6.0,36.0,1.0,6.0,0.0,0.005,0.005,0.010016694490818,0.4991666666666667,,3.856343906510852,0.462127364707989,5.999999999999995,1.5841583160967956,10.435824962420256,6.5876149223097,0.2886751345948129,2.205315581687168,1.2091995761561454
sf,bimodal,0.0,2.9333333333333336,2.966666666666667,-0.03333333333333333,0.08489741427379043,0.06752710838004357,0.03305584949974053,600,5.053333333333334,59.16,2.316713194700677,57.0,1.147481239367632,0.0466798499705426,0.034561360275998,0.0084362826933778,5.533224960228568,-0.0450284236506766,3.605286588759043,6.060133652987508,12.32332108327924,0.3915259757862389,58.464454897474376,149.32458767280912,0.0,,
sf,bimodal,1.0,2.6666666666666665,2.7000000000000006,-0.03333333333333336,0.16378294896026727,0.056077115422190994,0.9748878564671909,600,5.053333333333334,59.16,2.316713194700677,57.0,1.147481239367632,0.0466798499705426,0.034561360275998,0.0084362826933778,5.533224960228568,-0.0450284236506766,3.605286588759043,6.060133652987508,12.32332108327924,0.3915259757862389,58.464454897474376,149.32458767280912,0.0,,
sf,gauss,0.0,2.2,2.1666666666666665,0.03333333333333333,0.0759008989661735,0.026443411963449803,-0.03188418667470907,600,5.053333333333334,59.16,2.316713194700677,57.0,1.147481239367632,0.0466798499705426,0.034561360275998,0.0084362826933778,5.533224960228568,-0.0450284236506766,3.605286588759043,6.060133652987508,12.32332108327924,0.3915259757862389,58.464454897474376,149.32458767280912,0.3989422804014327,0.6888073695336753,3.1939263389260875
sf,gauss,1.0,1.8333333333333333,1.8333333333333333,0.0,0.05438176937602753,0.0193244920874393,0.9748878564671909,600,5.053333333333334,59.16,2.316713194700677,57.0,1.147481239367632,0.0466798499705426,0.034561360275998,0.0084362826933778,5.533224960228568,-0.0450284236506766,3.605286588759043,6.060133652987508,12.32332108327924,0.3915259757862389,58.464454897474376,149.32458767280912,0.3989422804014327,0.6888073695336753,2.6616052824384058
sf,lorentz,0.0,4.1000000000000005,4.133333333333334,-0.0333333333333335,0.05088223929878736,0.029058396446760434,-0.031918920825408766,600,5.053333333333334,59.16,2.316713194700677,57.0,1.147481239367632,0.0466798499705426,0.034561360275998,0.0084362826933778,5.533224960228568,-0.0450284236506766,3.605286588759043,6.060133652987508,12.32332108327924,0.3915259757862389,58.464454897474376,149.32458767280912,0.3183098861837907,0.8632920141236573,4.749262049136388
sf,lorentz,1.0,7.6000000000000005,6.95,0.6500000000000004,0.3205901470368832,0.3331094233040373,0.9748697911646714,600,5.053333333333334,59.16,2.316713194700677,57.0,1.147481239367632,0.0466798499705426,0.034561360275998,0.0084362826933778,5.533224960228568,-0.0450284236506766,3.605286588759043,6.060133652987508,12.32332108327924,0.3915259757862389,58.464454897474376,149.32458767280912,0.3183098861837907,0.8632920141236573,8.803510139862572
sf,uniform,0.0,2.566666666666667,2.6333333333333333,-0.06666666666666667,0.06446012628356064,0.018497369419710235,-0.03188418667470907,600,5.053333333333334,59.16,2.316713194700677,57.0,1.147481239367632,0.0466798499705426,0.034561360275998,0.0084362826933778,5.533224960228568,-0.0450284236506766,3.605286588759043,6.060133652987508,12.32332108327924,0.3915259757862389,58.464454897474376,149.32458767280912,0.2886751345948129,0.9519156651465001,2.6963172901158803
sf,uniform,1.0,2.0,2.0,0.0,0.0485982913970922,0.015379052412986767,0.9748878564671909,600,5.053333333333334,59.16,2.316713194700677,57.0,1.147481239367632,0.0466798499705426,0.034561360275998,0.0084362826933778,5.533224960228568,-0.0450284236506766,3.605286588759043,6.060133652987508,12.32332108327924,0.3915259757862389,58.464454897474376,149.32458767280912,0.2886751345948129,0.9519156651465001,2.101026459830556
ws,bimodal,0.0,4.866666666666667,5.433333333333334,-0.566666666666667,0.3645557800229759,0.26677078385782177,0.023386519980205498,600,6.0,36.54333333333334,1.0150925925925929,9.0,0.1228519132638665,0.4362063492063491,0.4210411437302193,0.010016694490818,43.54793386243386,0.0146913588030897,5.560907067334447,27.95849463103153,6.138429749866063,0.1936893071262832,10.832930920524236,55.92942161469598,0.0,,
ws,bimodal,1.0,4.066666666666666,4.366666666666667,-0.3,0.36157163687125277,0.23317441758149016,0.8786639678746626,600,6.0,36.54333333333334,1.0150925925925929,9.0,0.1228519132638665,0.4362063492063491,0.4210411437302193,0.010016694490818,43.54793386243386,0.0146913588030897,5.560907067334447,27.95849463103153,6.138429749866063,0.1936893071262832,10.832930920524236,55.92942161469598,0.0,,
ws,gauss,0.0,4.366666666666667,4.366666666666667,1.3415194880887307e-16,0.26044132885420107,0.21007046896651557,-0.0112654781463136,600,6.0,36.54333333333334,1.0150925925925929,9.0,0.1228519132638665,0.4362063492063491,0.4210411437302193,0.010016694490818,43.54793386243386,0.0146913588030897,5.560907067334447,27.95849463103153,6.138429749866063,0.1936893071262832,10.832930920524236,55.92942161469598,0.3989422804014327,1.572042918301732,2.777701941740846
ws,gauss,1.0,4.533333333333334,5.1000000000000005,-0.5666666666666664,0.3025851849611756,0.18515748075995397,0.8786639678746626,600,6.0,36.54333333333334,1.0150925925925929,9.0,0.1228519132638665,0.4362063492063491,0.4210411437302193,0.010016694490818,43.54793386243386,0.0146913588030897,5.560907067334447,27.95849463103153,6.138429749866063,0.1936893071262832,10.832930920524236,55.92942161469598,0.3989422804014327,1.572042918301732,2.883721099822558
ws,lorentz,0.0,,,,0.15540582943224282,0.12015050895198463,-0.011268992553014168,600,6.0,36.54333333333334,1.0150925925925929,9.0,0.1228519132638665,0.4362063492063491,0.4210411437302193,0.010016694490818,43.54793386243386,0.0146913588030897,5.560907067334447,27.95849463103153,6.138429749866063,0.1936893071262832,10.832930920524236,55.92942161469598,0.3183098861837907,1.9702636139742766,
ws,lorentz,1.0,,,,0.13266089486574148,0.1372085957826641,0.8786620857719513,600,6.0,36.54333333333334,1.0150925925925929,9.0,0.1228519132638665,0.4362063492063491,0.4210411437302193,0.010016694490818,43.54793386243386,0.0146913588030897,5.560907067334447,27.95849463103153,6.138429749866063,0.1936893071262832,10.832930920524236,55.92942161469598,0.3183098861837907,1.9702636139742766,
ws,uniform,0.0,4.033333333333334,4.566666666666667,-0.5333333333333338,0.3104542184101204,0.23280971576699347,-0.0112654781463136,600,6.0,36.54333333333334,1.0150925925925929,9.0,0.1228519132638665,0.4362063492063491,0.4210411437302193,0.010016694490818,43.54793386243386,0.0146913588030897,5.560907067334447,27.95849463103153,6.138429749866063,0.1936893071262832,10.832930920524236,55.92942161469598,0.2886751345948129,2.172526523964372,1.856517418242337
ws,uniform,1.0,4.433333333333334,5.066666666666667,-0.6333333333333336,0.29194007045055786,0.24029558113660873,0.8786639678746626,600,6.0,36.54333333333334,1.0150925925925929,9.0,0.1228519132638665,0.4362063492063491,0.4210411437302193,0.010016694490818,43.54793386243386,0.0146913588030897,5.560907067334447,27.95849463103153,6.138429749866063,0.1936893071262832,10.832930920524236,55.92942161469598,0.2886751345948129,2.172526523964372,2.0406348481506678
