lam_f,lam_b,d_lam,dR_jump,max_gap,area,R_end,topo,law,c,sigma,seed,rho_spearman,rho_pearson,mean_deg,std_deg
0.375,0.25,0.125,0.3387889933392902,0.2680434064781387,0.05183018719580532,0.9764369036471857,ba,degree,-1.0,0.0,31,-0.9344418321874027,-0.18244791226371462,5.97,6.849995133818223
0.375,0.25,0.125,0.30691706374843974,0.2587117706007877,0.052777411925275006,0.9726241016742031,ba,degree,-1.0,0.0,32,-0.9353003566372087,-0.18180862643405307,5.97,6.87404053911041
0.375,0.375,0.0,0.2828280333940831,0.27111733087194734,0.06666925867613127,0.9761713426144211,ba,degree,-0.5,0.0,31,-0.4111385846947028,-0.1326138954146311,5.97,6.849995133818223
0.375,0.375,0.0,0.2755627118445846,0.29563916158710685,0.05552272005215381,0.9729571340900375,ba,degree,-0.5,0.0,32,-0.46354461238930483,-0.1421281302620747,5.97,6.87404053911041
0.5,0.5,0.0,0.35053489750978967,0.21479275637434758,0.05489411337925635,0.9795761642608912,ba,degree,0.0,0.0,31,0.026277683430533213,0.025164224930079616,5.97,6.849995133818223
0.5,0.5,0.0,0.2085282260879404,0.29546405466725484,0.0797881039275081,0.9789353215933942,ba,degree,0.0,0.0,32,-0.06896934881307543,-0.020652904647591303,5.97,6.87404053911041
0.625,0.625,0.0,0.2739614255952835,0.11939662979203398,0.03608058469343789,0.9838478284277444,ba,degree,0.25,0.0,31,0.24819073836627795,0.21419960459566942,5.97,6.849995133818223
0.625,0.625,0.0,0.21745761501758648,0.20524060976586458,0.0671006439408977,0.9827514940101748,ba,degree,0.25,0.0,32,0.13578012838461145,0.06703217400444282,5.97,6.87404053911041
0.75,0.75,0.0,0.3188412924113644,0.16537342660565177,0.04588500357488204,0.989203666296983,ba,degree,0.5,0.0,31,0.4694587068787835,0.3671470575907897,5.97,6.849995133818223
0.75,0.75,0.0,0.21184737503127565,0.08363452586709169,0.02800074034071401,0.9859065874575375,ba,degree,0.5,0.0,32,0.3685222554803241,0.23009255960715957,5.97,6.87404053911041
1.0,1.0,0.0,0.3292593796189997,0.22398868168780495,0.058404157273002674,0.9954537465010254,ba,degree,0.75,0.0,31,0.6927123217859286,0.628571408274507,5.97,6.849995133818223
1.0,0.875,0.125,0.22392484064289103,0.09192466643090039,0.02918473376844912,0.9931500476535261,ba,degree,0.75,0.0,32,0.6572790122209197,0.5026711146445371,5.97,6.87404053911041
1.5,1.125,0.375,0.46153698197977594,0.8329789395651979,0.39768993465493696,0.998259566508033,ba,degree,1.0,0.0,31,1.0,0.9999999999999993,5.97,6.849995133818223
1.625,1.125,0.5,0.6948431631263263,0.8401923912582153,0.45889233651832495,0.9983500384337519,ba,degree,1.0,0.0,32,0.9999999999999998,1.0,5.97,6.87404053911041
5.0,5.0,0.0,0.13187105959437767,0.05740915722584519,0.03365867184348841,0.8488845152095266,ba,lorentz,-1.0,0.0,31,-0.9650918110961025,-0.7351188395673585,5.97,6.849995133818223
6.0,5.125,0.875,0.4624244300188145,0.63401272404996,0.4853508949262173,0.8490140143725124,ba,lorentz,-1.0,0.0,32,-0.9638932188635072,-0.7413764834179123,5.97,6.87404053911041
4.375,4.375,0.0,0.0460303384188801,0.0323107140711216,0.02342920068023407,0.767033852934423,ba,lorentz,-0.5,0.0,31,-0.43732168837529106,-0.3421743945976251,5.97,6.849995133818223
4.375,4.375,0.0,0.076758743063292,0.05419715426669615,0.03344895158230022,0.7901484217622733,ba,lorentz,-0.5,0.0,32,-0.5006048368323782,-0.3809989791003193,5.97,6.87404053911041
3.625,3.625,0.0,0.05051253856862377,0.020449066860506758,0.012152097168558064,0.7588442590438867,ba,lorentz,0.0,0.0,31,0.027002035225643255,0.032208454731371676,5.97,6.849995133818223
4.0,4.125,-0.125,0.14718193475004673,0.03757708398755377,0.022874229141322214,0.7704042425449333,ba,lorentz,0.0,0.0,32,-0.07633705811812941,-0.08481769980528941,5.97,6.87404053911041
3.5,3.5,0.0,0.07143837862140882,0.035528474543402404,0.018342621714814576,0.7613347946564374,ba,lorentz,0.25,0.0,31,0.2504912950204634,0.15953930004452507,5.97,6.849995133818223
3.75,3.75,0.0,0.0651615077163647,0.029745503219487213,0.01800191489923186,0.7707460224514165,ba,lorentz,0.25,0.0,32,0.1461454902469665,0.0731894144628008,5.97,6.87404053911041
3.625,3.625,0.0,0.058918071971054475,0.03145989673880922,0.013158123981576154,0.7688428917412227,ba,lorentz,0.5,0.0,31,0.47411380399818726,0.2945738505264824,5.97,6.849995133818223
4.0,4.0,0.0,0.0642161501147675,0.020323126214330828,0.01497047446422494,0.770918658415699,ba,lorentz,0.5,0.0,32,0.39019106199901943,0.22807456967031317,5.97,6.87404053911041
4.5,4.5,0.0,0.1125999887768028,0.03738485718898593,0.024706467963266546,0.7888361620155493,ba,lorentz,0.75,0.0,31,0.7064235437529613,0.5253139567550079,5.97,6.849995133818223
4.5,4.5,0.0,0.07048743708635288,0.056918445259314346,0.028165432829057844,0.7818225284622693,ba,lorentz,0.75,0.0,32,0.6686637536489303,0.43987297351411464,5.97,6.87404053911041
5.0,5.0,0.0,0.40372095240210437,0.30825528702756977,0.12975660687161694,0.8488490500615175,ba,lorentz,1.0,0.0,31,0.9650918110961025,0.7351188395673587,5.97,6.849995133818223
5.75,5.125,0.625,0.5916382339132809,0.5870902137405386,0.38488708466802424,0.848914085126777,ba,lorentz,1.0,0.0,32,0.9638932188635072,0.7413764834179124,5.97,6.87404053911041
1.5,1.5,0.0,0.09638118683640867,0.01389064455249752,0.006705382052096646,0.9840080117369959,ba,gauss,-1.0,0.0,31,-0.965091880200385,-0.6435728561039581,5.97,6.849995133818223
1.5,1.5,0.0,0.08421783745690242,0.007877976650131235,0.002495459475220207,0.9846313765448346,ba,gauss,-1.0,0.0,32,-0.9638932615674074,-0.6480686260394262,5.97,6.87404053911041
2.0,2.0,0.0,0.07074319027724918,0.05643818282820556,0.0206071793604809,0.9714383468448619,ba,gauss,-0.5,0.0,31,-0.43731182250676814,-0.30901761749635315,5.97,6.849995133818223
1.875,1.875,0.0,0.10546430988760763,0.023004348481164172,0.012309696124632976,0.9769975525447376,ba,gauss,-0.5,0.0,32,-0.5006059207340678,-0.3719694371394668,5.97,6.87404053911041
2.125,2.125,0.0,0.07928867416074696,0.036947245908027365,0.016431360441653716,0.9674501153260076,ba,gauss,0.0,0.0,31,0.026894491565908674,0.024346080375019195,5.97,6.849995133818223
2.125,2.125,0.0,0.07944813373067378,0.01794403807539524,0.008887868880355126,0.9728439043953224,ba,gauss,0.0,0.0,32,-0.07632297816224612,-0.07930275249191354,5.97,6.87404053911041
2.0,2.0,0.0,0.07763893209542216,0.045026877988770045,0.02513155320208191,0.968590842228629,ba,gauss,0.25,0.0,31,0.2504112229413778,0.18677477900839257,5.97,6.849995133818223
2.125,2.0,0.125,0.08539244354945386,0.019799184795975353,0.006752986657310721,0.9719546786584429,ba,gauss,0.25,0.0,32,0.14616729336697104,0.0861391219780268,5.97,6.87404053911041
1.875,1.875,0.0,0.08850051701811235,0.030907898373841614,0.012214802779467996,0.9713302744873128,ba,gauss,0.5,0.0,31,0.47414529174030234,0.3389951509555261,5.97,6.849995133818223
2.0,2.0,0.0,0.07660956464080648,0.01945823277907867,0.009026752873579014,0.9731564506419728,ba,gauss,0.5,0.0,32,0.39022922724615916,0.2591754521709608,5.97,6.87404053911041
1.75,1.75,0.0,0.08690412207691939,0.022689281260383054,0.009409390803707327,0.976385883170405,ba,gauss,0.75,0.0,31,0.7064223244719254,0.4929436191529817,5.97,6.849995133818223
1.875,1.875,0.0,0.0874869376687393,0.019068926190685405,0.013505384155979001,0.9769526997197885,ba,gauss,0.75,0.0,32,0.6686635790605345,0.4451179667189633,5.97,6.87404053911041
1.5,1.5,0.0,0.09084686447059857,0.011408960836049503,0.005199864824433014,0.9840080117369963,ba,gauss,1.0,0.0,31,0.965091880200385,0.6435728561039581,5.97,6.849995133818223
1.5,1.5,0.0,0.08584362494164693,0.013836805150353182,0.00695782674761279,0.9846313765448346,ba,gauss,1.0,0.0,32,0.9638932615674074,0.6480686260394262,5.97,6.87404053911041
1.625,1.625,0.0,0.18370886261304006,0.06692300975705011,0.02720713142734172,0.9347144757293242,er,degree,-1.0,0.0,31,-0.9805263848031237,-0.9410812220552336,5.812709030100335,2.4416342090879812
1.625,1.625,0.0,0.24189787884805514,0.02991880117183665,0.01058718051542314,0.9327980053995902,er,degree,-1.0,0.0,32,-0.9786980588482718,-0.9440242786261378,6.016666666666667,2.4013306496375897
2.0,2.0,0.0,0.21052548248206507,0.05667502341589961,0.03493163267139702,0.960489915433677,er,degree,-0.5,0.0,31,-0.4532127467890211,-0.44795683067183767,5.812709030100335,2.4416342090879812
2.0,2.0,0.0,0.1057633744090567,0.06676944690417967,0.021863288995587177,0.9516827394420783,er,degree,-0.5,0.0,32,-0.435300416150452,-0.4471795365865408,6.016666666666667,2.4013306496375897
2.0,2.0,0.0,0.10443299383961899,0.06439918218500448,0.03818495500161804,0.9692324900601096,er,degree,0.0,0.0,31,0.03486737444206142,0.041801523910306566,5.812709030100335,2.4416342090879812
2.375,2.5,-0.125,0.16570309378921722,0.04099599723096101,0.017317172602396964,0.9658235843090288,er,degree,0.0,0.0,32,0.03607846470165841,0.027987860686930967,6.016666666666667,2.4013306496375897
2.25,2.25,0.0,0.12336425063258732,0.051069716381450345,0.024119178996506768,0.9663212051427633,er,degree,0.25,0.0,31,0.26993907513744586,0.2819121490662719,5.812709030100335,2.4416342090879812
2.375,2.375,0.0,0.1023517648861817,0.07132769129215596,0.044262991495608875,0.9633257130501762,er,degree,0.25,0.0,32,0.2608241852381934,0.26788380943205353,6.016666666666667,2.4013306496375897
2.125,2.125,0.0,0.1918408016109095,0.10247370557626927,0.05192006891778864,0.9601591627373237,er,degree,0.5,0.0,31,0.49902478120233884,0.5116441607517107,5.812709030100335,2.4416342090879812
2.375,2.375,0.0,0.25341204765556635,0.0762049744476852,0.031143726566119932,0.9615319160391181,er,degree,0.5,0.0,32,0.48199753177938615,0.49592947637169416,6.016666666666667,2.4013306496375897
2.125,2.125,0.0,0.12951117641600546,0.07117316697522288,0.022013439732003356,0.9508740686895448,er,degree,0.75,0.0,31,0.7283927036399914,0.750352270573821,5.812709030100335,2.4416342090879812
2.375,2.375,0.0,0.17804765441444353,0.08266332854722291,0.03075369286751565,0.958374218051602,er,degree,0.75,0.0,32,0.7168216125545964,0.7352473625897199,6.016666666666667,2.4013306496375897
2.125,2.125,0.0,0.3203986692397315,0.06037739664010555,0.019081462253581066,0.9416457204465417,er,degree,1.0,0.0,31,0.9999999999999999,0.9999999999999998,5.812709030100335,2.4416342090879812
2.0,2.125,-0.125,0.28183496414672643,0.057396219750917576,0.03600133465817899,0.9521391246258807,er,degree,1.0,0.0,32,1.0,1.0,6.016666666666667,2.4013306496375897
4.5,4.5,0.0,0.07713563561549319,0.053845256591698365,0.030673771728108014,0.7359234826544946,er,lorentz,-1.0,0.0,31,-0.9911372856119426,-0.806446506563654,5.812709030100335,2.4416342090879812
4.0,4.0,0.0,0.07595070123608613,0.04579684009679488,0.032519615919902836,0.7613636368727424,er,lorentz,-1.0,0.0,32,-0.9913625875072625,-0.7747501671923465,6.016666666666667,2.4013306496375897
3.875,4.0,-0.125,0.1353202659333956,0.03919289406806149,0.018904913486252926,0.7491672555669104,er,lorentz,-0.5,0.0,31,-0.45435908688776466,-0.391064997200848,5.812709030100335,2.4416342090879812
4.25,4.25,0.0,0.07894724167187295,0.02996269312455975,0.02144159276978387,0.7662274918431023,er,lorentz,-0.5,0.0,32,-0.44665767942419754,-0.38335319203910084,6.016666666666667,2.4013306496375897
3.875,3.875,0.0,0.11327524618888224,0.06834302873706044,0.053857457689468015,0.7657788871783539,er,lorentz,0.0,0.0,31,0.036764250305265735,0.05685045621313139,5.812709030100335,2.4416342090879812
4.25,4.125,0.125,0.0710981818654674,0.06174991176812537,0.020918495911378232,0.758643530752708,er,lorentz,0.0,0.0,32,0.03532834246165477,0.03894098864540632,6.016666666666667,2.4013306496375897
3.875,3.875,0.0,0.10459498683681476,0.07567047065175092,0.036502219237659325,0.7643785245087038,er,lorentz,0.25,0.0,31,0.27187995141643995,0.22907190462498808,5.812709030100335,2.4416342090879812
4.25,4.25,0.0,0.07818663875133847,0.034587517129640255,0.026788778142157372,0.7599873301108957,er,lorentz,0.25,0.0,32,0.2608648410714657,0.22928375520909766,6.016666666666667,2.4013306496375897
4.0,4.0,0.0,0.19570883743039336,0.1252334802351287,0.04043563494123107,0.7582241220550165,er,lorentz,0.5,0.0,31,0.5043237628860465,0.422127307993299,5.812709030100335,2.4416342090879812
4.125,4.25,-0.125,0.07805003926583391,0.05442188122168774,0.04660393965429312,0.753736858919393,er,lorentz,0.5,0.0,32,0.48709055667136697,0.41789209780892267,6.016666666666667,2.4013306496375897
4.0,4.0,0.0,0.09387011106776516,0.06169535367552492,0.04077201397173519,0.7522460292256231,er,lorentz,0.75,0.0,31,0.7400933034319962,0.6249546527696881,5.812709030100335,2.4416342090879812
4.25,4.25,0.0,0.1329904517068332,0.12581375773080178,0.05427952530957775,0.752393034319249,er,lorentz,0.75,0.0,32,0.7260560900299168,0.5979242906199846,6.016666666666667,2.4013306496375897
4.5,4.5,0.0,0.12273183636948878,0.12452661429209241,0.04374093820825884,0.7363368285086358,er,lorentz,1.0,0.0,31,0.9911372856119426,0.8064465065636538,5.812709030100335,2.4416342090879812
4.0,3.875,0.125,0.06972043065281429,0.03403124566646265,0.029607679119469873,0.7626466298809202,er,lorentz,1.0,0.0,32,0.9913625875072625,0.7747501671923465,6.016666666666667,2.4013306496375897
1.875,1.875,0.0,0.17554327161942512,0.02206845431751478,0.010721228860881808,0.937505443242797,er,gauss,-1.0,0.0,31,-0.9911372606333253,-0.9814147482600883,5.812709030100335,2.4416342090879812
1.875,1.875,0.0,0.16605974221958658,0.016860728410570486,0.012211823224854966,0.9415721680731031,er,gauss,-1.0,0.0,32,-0.9913662329317273,-0.9824175894997651,6.016666666666667,2.4013306496375897
2.125,2.125,0.0,0.11333914418250676,0.029880395048917735,0.02365021791912833,0.9612809367769238,er,gauss,-0.5,0.0,31,-0.45436762861387536,-0.4617956744105558,5.812709030100335,2.4416342090879812
2.25,2.25,0.0,0.12721574964885204,0.06069739602598845,0.021978470344412606,0.9613975391597168,er,gauss,-0.5,0.0,32,-0.4466245601092521,-0.46334106370816613,6.016666666666667,2.4013306496375897
2.125,2.125,0.0,0.1254449677009174,0.050703647699982965,0.018070720686973626,0.967892383186183,er,gauss,0.0,0.0,31,0.03677030050530121,0.044502253284605824,5.812709030100335,2.4416342090879812
2.375,2.375,0.0,0.11204610730262293,0.13764973792549312,0.03498857516289049,0.9638216609114538,er,gauss,0.0,0.0,32,0.03525716591568054,0.037757581744502916,6.016666666666667,2.4013306496375897
2.125,2.125,0.0,0.1632313867816528,0.06497367676281507,0.018200062940176554,0.9634757642375072,er,gauss,0.25,0.0,31,0.2718792031842712,0.2856593121689686,5.812709030100335,2.4416342090879812
2.25,2.25,0.0,0.11658467630603514,0.10815200701629528,0.05059053389317826,0.9598775779008942,er,gauss,0.25,0.0,32,0.26090943309571296,0.27686673053004096,6.016666666666667,2.4013306496375897
2.125,2.125,0.0,0.16649409833204667,0.08541088681397058,0.027226501849409813,0.952343211049157,er,gauss,0.5,0.0,31,0.5043916323859522,0.5200026068706213,5.812709030100335,2.4416342090879812
2.25,2.25,0.0,0.0996233457756101,0.026488460538468928,0.01759104724273643,0.9558111479377616,er,gauss,0.5,0.0,32,0.48709144206845695,0.5087753729416221,6.016666666666667,2.4013306496375897
2.0,2.0,0.0,0.2930410852948291,0.20616104415668374,0.055664063894817775,0.9427329093905028,er,gauss,0.75,0.0,31,0.7400896042703267,0.7522945092639508,5.812709030100335,2.4416342090879812
2.125,2.125,0.0,0.18170243899574412,0.046250806815836785,0.018713540760910193,0.9491397000196156,er,gauss,0.75,0.0,32,0.7260604417084338,0.741873644031048,6.016666666666667,2.4013306496375897
1.875,1.875,0.0,0.2801354954382779,0.08194904959605831,0.01933762799720516,0.9367557660669784,er,gauss,1.0,0.0,31,0.9911372606333253,0.9814147482600882,5.812709030100335,2.4416342090879812
1.875,1.875,0.0,0.23997809281033045,0.0834562494735206,0.023966086262966375,0.9414636683415901,er,gauss,1.0,0.0,32,0.9913662329317273,0.9824175894997651,6.016666666666667,2.4013306496375897
