market,n_events,indicator,null,auc_level,auc_trend
au_asx200,9,var_index,all,0.6566907464740281,0.5827313381492948
au_asx200,9,var_index,volmatched,0.5467980295566502,0.5287356321839082
au_asx200,9,var_index,peak,0.60843158270811,0.5650232225794928
au_asx200,9,ac1_index,all,0.5056759545923633,0.4853801169590644
au_asx200,9,ac1_index,volmatched,0.5030103995621237,0.48987411056376573
au_asx200,9,ac1_index,peak,0.5301893533404788,0.4867809932118614
au_asx200,9,mean_corr,all,0.6119711042311661,0.5464396284829722
au_asx200,9,mean_corr,volmatched,0.5101258894362343,0.4994526546250684
au_asx200,9,mean_corr,peak,0.5780635941407646,0.5103608431582708
au_asx200,9,absorption,all,0.6250429996560027,0.5325077399380805
au_asx200,9,absorption,volmatched,0.5177887246852764,0.48494800218938156
au_asx200,9,absorption,peak,0.5766345123258306,0.5046445158985352
au_asx200,9,cssd,all,0.6047471620227038,0.5927072583419332
au_asx200,9,cssd,volmatched,0.5659551176792557,0.5517241379310345
au_asx200,9,cssd,peak,0.5434083601286173,0.5146480886030725
au_asx200,9,flicker,all,0.5810113519091846,0.562178072111847
au_asx200,9,flicker,volmatched,0.4630541871921182,0.524904214559387
au_asx200,9,flicker,peak,0.5630582350839586,0.5663956639566395
br_b3,22,var_index,all,0.7816205533596837,0.7361660079051383
br_b3,22,var_index,volmatched,0.7315340909090909,0.6576704545454546
br_b3,22,var_index,peak,0.490539916935856,0.35613751730503
br_b3,22,ac1_index,all,0.6096837944664032,0.4540513833992094
br_b3,22,ac1_index,volmatched,0.6846590909090909,0.5461647727272727
br_b3,22,ac1_index,peak,0.5209967697277342,0.4012459621596678
br_b3,22,mean_corr,all,0.6314229249011858,0.6027667984189723
br_b3,22,mean_corr,volmatched,0.5298295454545454,0.5348011363636364
br_b3,22,mean_corr,peak,0.5108444854637748,0.40459160129210886
br_b3,22,absorption,all,0.5958498023715417,0.5415019762845849
br_b3,22,absorption,volmatched,0.5056818181818182,0.4758522727272727
br_b3,22,absorption,peak,0.47461928934010156,0.39086294416243655
br_b3,22,cssd,all,0.5859683794466404,0.5474308300395258
br_b3,22,cssd,volmatched,0.6321022727272727,0.5411931818181818
br_b3,22,cssd,peak,0.4215505306875864,0.4618135671435164
br_b3,22,flicker,all,0.5019762845849802,0.467391304347826
br_b3,22,flicker,volmatched,0.5056818181818182,0.48011363636363635
br_b3,22,flicker,peak,0.422242731887402,0.4203968620212274
ca_tsx60,8,var_index,all,0.545804794520548,0.549443493150685
ca_tsx60,8,var_index,volmatched,0.43145161290322576,0.4506048387096774
ca_tsx60,8,var_index,peak,0.5259502923976609,0.5153508771929824
ca_tsx60,8,ac1_index,all,0.6314212328767124,0.5455907534246576
ca_tsx60,8,ac1_index,volmatched,0.6300403225806452,0.5191532258064516
ca_tsx60,8,ac1_index,peak,0.6173245614035088,0.5230263157894737
ca_tsx60,8,mean_corr,all,0.5898972602739726,0.6106592465753424
ca_tsx60,8,mean_corr,volmatched,0.5131048387096775,0.516633064516129
ca_tsx60,8,mean_corr,peak,0.5665204678362573,0.5323464912280702
ca_tsx60,8,absorption,all,0.6352739726027397,0.6530393835616438
ca_tsx60,8,absorption,volmatched,0.5241935483870968,0.5398185483870969
ca_tsx60,8,absorption,peak,0.6162280701754386,0.5519005847953216
ca_tsx60,8,cssd,all,0.4863013698630137,0.5663527397260273
ca_tsx60,8,cssd,volmatched,0.4022177419354839,0.5120967741935485
ca_tsx60,8,cssd,peak,0.4652777777777778,0.5308845029239766
ca_tsx60,8,flicker,all,0.5761986301369864,0.632277397260274
ca_tsx60,8,flicker,volmatched,0.5221774193548387,0.6169354838709677
ca_tsx60,8,flicker,peak,0.5361842105263157,0.5529970760233919
ch_smi,14,var_index,all,0.7544351073762838,0.7969187675070029
ch_smi,14,var_index,volmatched,0.7578277886497066,0.7999021526418788
ch_smi,14,var_index,peak,0.6203599550056244,0.6761811023622047
ch_smi,14,ac1_index,all,0.5891690009337066,0.4598506069094304
ch_smi,14,ac1_index,volmatched,0.5983365949119372,0.478228962818004
ch_smi,14,ac1_index,peak,0.5247469066366703,0.4384139482564679
ch_smi,14,mean_corr,all,0.6820728291316527,0.6598972922502335
ch_smi,14,mean_corr,volmatched,0.6854207436399218,0.6612035225048924
ch_smi,14,mean_corr,peak,0.6003937007874016,0.6171259842519684
ch_smi,14,absorption,all,0.661531279178338,0.6407563025210085
ch_smi,14,absorption,volmatched,0.663894324853229,0.6416340508806263
ch_smi,14,absorption,peak,0.5880202474690664,0.6022215973003374
ch_smi,14,cssd,all,0.6680672268907563,0.6552287581699348
ch_smi,14,cssd,volmatched,0.6692759295499021,0.6577788649706457
ch_smi,14,cssd,peak,0.5989876265466816,0.5707255343082115
ch_smi,14,flicker,all,0.6704014939309056,0.6115779645191411
ch_smi,14,flicker,volmatched,0.6717221135029355,0.6125244618395305
ch_smi,14,flicker,peak,0.6077052868391453,0.579865016872891
crypto,9,var_index,all,0.4627450980392156,0.5
crypto,9,var_index,volmatched,0.460093896713615,0.4968701095461659
crypto,9,var_index,peak,0.48124557678697805,0.48761500353857046
crypto,9,ac1_index,all,0.542483660130719,0.6006535947712418
crypto,9,ac1_index,volmatched,0.5336463223787167,0.5923317683881064
crypto,9,ac1_index,peak,0.4805378627034679,0.6415428167020524
crypto,9,mean_corr,all,0.43495934959349597,0.43597560975609756
crypto,9,mean_corr,volmatched,0.42512077294685996,0.41908212560386476
crypto,9,mean_corr,peak,0.4274193548387097,0.3346774193548387
crypto,9,absorption,all,0.4329268292682927,0.43495934959349586
crypto,9,absorption,volmatched,0.4202898550724638,0.41304347826086957
crypto,9,absorption,peak,0.4422043010752688,0.3884408602150537
crypto,9,cssd,all,0.5508130081300813,0.46951219512195125
crypto,9,cssd,volmatched,0.5434782608695652,0.4710144927536231
crypto,9,cssd,peak,0.6357526881720429,0.5456989247311828
crypto,9,flicker,all,0.3882113821138211,0.43089430894308944
crypto,9,flicker,volmatched,0.38405797101449274,0.4227053140096619
crypto,9,flicker,peak,0.46236559139784944,0.6196236559139785
de_dax,21,var_index,all,0.7720364741641339,0.8252279635258359
de_dax,21,var_index,volmatched,0.7606837606837608,0.8137973137973137
de_dax,21,var_index,peak,0.5917219208358449,0.5986538075145669
de_dax,21,ac1_index,all,0.4620060790273556,0.472644376899696
de_dax,21,ac1_index,volmatched,0.4444444444444445,0.5073260073260073
de_dax,21,ac1_index,peak,0.4962829013461925,0.4115933293148484
de_dax,21,mean_corr,all,0.8500506585612969,0.8915906788247214
de_dax,21,mean_corr,volmatched,0.8229548229548229,0.8815628815628817
de_dax,21,mean_corr,peak,0.5760498292143862,0.5458107293550333
de_dax,21,absorption,all,0.8480243161094226,0.8865248226950355
de_dax,21,absorption,volmatched,0.8266178266178267,0.8742368742368741
de_dax,21,absorption,peak,0.5804701627486437,0.5484227446252762
de_dax,21,cssd,all,0.6757852077001014,0.754305977710233
de_dax,21,cssd,volmatched,0.6593406593406593,0.7612942612942613
de_dax,21,cssd,peak,0.6045810729355033,0.6352220212979708
de_dax,21,flicker,all,0.7436676798378926,0.8085106382978722
de_dax,21,flicker,volmatched,0.7142857142857143,0.7985347985347986
de_dax,21,flicker,peak,0.5678119349005426,0.5792646172393009
es_ibex35,17,var_index,all,0.7808661926308984,0.6641887524240466
es_ibex35,17,var_index,volmatched,0.7545388525780682,0.6485112563543936
es_ibex35,17,var_index,peak,0.6031183557760453,0.5618946373730216
es_ibex35,17,ac1_index,all,0.3031674208144796,0.29638009049773756
es_ibex35,17,ac1_index,volmatched,0.3188090050835149,0.29084967320261434
es_ibex35,17,ac1_index,peak,0.34443656980864634,0.3744389321993858
es_ibex35,17,mean_corr,all,0.47640594699418226,0.4531351001939237
es_ibex35,17,mean_corr,volmatched,0.46187363834422657,0.4560639070442991
es_ibex35,17,mean_corr,peak,0.5088589652728561,0.4599574769666903
es_ibex35,17,absorption,all,0.44473173884938594,0.45959922430510664
es_ibex35,17,absorption,volmatched,0.43209876543209874,0.4651416122004357
es_ibex35,17,absorption,peak,0.48051027639971655,0.4684620836286322
es_ibex35,17,cssd,all,0.5436328377504849,0.6447963800904978
es_ibex35,17,cssd,volmatched,0.5475671750181554,0.617283950617284
es_ibex35,17,cssd,peak,0.4982282069454288,0.5763052208835342
es_ibex35,17,flicker,all,0.48610213316095674,0.519715578539108
es_ibex35,17,flicker,volmatched,0.4778503994190269,0.5170660856935366
es_ibex35,17,flicker,peak,0.5256319395227971,0.4996456413890857
eu_stoxx50,10,var_index,all,0.6782608695652175,0.696195652173913
eu_stoxx50,10,var_index,volmatched,0.6256410256410255,0.6858974358974359
eu_stoxx50,10,var_index,peak,0.47967032967032963,0.5807692307692307
eu_stoxx50,10,ac1_index,all,0.6358695652173914,0.6222826086956522
eu_stoxx50,10,ac1_index,volmatched,0.6346153846153846,0.6403846153846154
eu_stoxx50,10,ac1_index,peak,0.6631868131868133,0.5928571428571429
eu_stoxx50,10,mean_corr,all,0.6923913043478261,0.6809782608695653
eu_stoxx50,10,mean_corr,volmatched,0.6692307692307692,0.6891025641025641
eu_stoxx50,10,mean_corr,peak,0.5774725274725274,0.6131868131868132
eu_stoxx50,10,absorption,all,0.691304347826087,0.6711956521739131
eu_stoxx50,10,absorption,volmatched,0.6666666666666666,0.6762820512820513
eu_stoxx50,10,absorption,peak,0.578021978021978,0.6043956043956044
eu_stoxx50,10,cssd,all,0.5554347826086956,0.5119565217391304
eu_stoxx50,10,cssd,volmatched,0.5230769230769231,0.4717948717948718
eu_stoxx50,10,cssd,peak,0.5043956043956045,0.4689560439560439
eu_stoxx50,10,flicker,all,0.6891304347826087,0.741304347826087
eu_stoxx50,10,flicker,volmatched,0.6641025641025641,0.7371794871794872
eu_stoxx50,10,flicker,peak,0.5818681318681319,0.6225274725274726
fr_cac40,16,var_index,all,0.7988636363636363,0.8198863636363636
fr_cac40,16,var_index,volmatched,0.7988636363636363,0.8198863636363636
fr_cac40,16,var_index,peak,0.5905172413793103,0.6339798850574713
fr_cac40,16,ac1_index,all,0.6,0.6008522727272727
fr_cac40,16,ac1_index,volmatched,0.6,0.6008522727272727
fr_cac40,16,ac1_index,peak,0.5359195402298851,0.48551245210727967
fr_cac40,16,mean_corr,all,0.6840909090909091,0.6761363636363635
fr_cac40,16,mean_corr,volmatched,0.6840909090909091,0.6761363636363635
fr_cac40,16,mean_corr,peak,0.5519636015325671,0.5393917624521073
fr_cac40,16,absorption,all,0.6880681818181817,0.6775568181818182
fr_cac40,16,absorption,volmatched,0.6880681818181817,0.6775568181818182
fr_cac40,16,absorption,peak,0.5483716475095786,0.5390325670498084
fr_cac40,16,cssd,all,0.70625,0.7213068181818182
fr_cac40,16,cssd,volmatched,0.70625,0.7213068181818182
fr_cac40,16,cssd,peak,0.600095785440613,0.6188936781609196
fr_cac40,16,flicker,all,0.5818181818181818,0.5977272727272728
fr_cac40,16,flicker,volmatched,0.5818181818181818,0.5977272727272728
fr_cac40,16,flicker,peak,0.5227490421455938,0.5246647509578544
hk_hsi,21,var_index,all,0.5446009389671361,0.5305164319248827
hk_hsi,21,var_index,volmatched,0.5174129353233831,0.5117270788912581
hk_hsi,21,var_index,peak,0.7092198581560283,0.6460233029381965
hk_hsi,21,ac1_index,all,0.6398390342052315,0.5915492957746479
hk_hsi,21,ac1_index,volmatched,0.6297085998578537,0.5810234541577824
hk_hsi,21,ac1_index,peak,0.5385005065856129,0.46757852077001016
hk_hsi,21,mean_corr,all,0.5103957075788061,0.5868544600938967
hk_hsi,21,mean_corr,volmatched,0.4818763326226012,0.5650319829424307
hk_hsi,21,mean_corr,peak,0.6266464032421479,0.5495187436676798
hk_hsi,21,absorption,all,0.5124077800134137,0.5831656606304494
hk_hsi,21,absorption,volmatched,0.4861407249466951,0.5611229566453447
hk_hsi,21,absorption,peak,0.6225937183383992,0.5702887537993921
hk_hsi,21,cssd,all,0.6673373574782026,0.5865191146881288
hk_hsi,21,cssd,volmatched,0.658137882018479,0.5895522388059701
hk_hsi,21,cssd,peak,0.6788247213779129,0.6190476190476191
hk_hsi,21,flicker,all,0.49496981891348085,0.5881958417169685
hk_hsi,21,flicker,volmatched,0.47121535181236673,0.5707178393745559
hk_hsi,21,flicker,peak,0.6142350557244175,0.5711752786220872
in_nifty50,8,var_index,all,0.7012987012987013,0.6444805194805194
in_nifty50,8,var_index,volmatched,0.7831632653061225,0.7091836734693877
in_nifty50,8,var_index,peak,0.5706018518518519,0.5813078703703703
in_nifty50,8,ac1_index,all,0.474025974025974,0.4967532467532467
in_nifty50,8,ac1_index,volmatched,0.451530612244898,0.5357142857142857
in_nifty50,8,ac1_index,peak,0.3935185185185185,0.45775462962962965
in_nifty50,8,mean_corr,all,0.6964285714285714,0.6688311688311688
in_nifty50,8,mean_corr,volmatched,0.7423469387755102,0.7142857142857142
in_nifty50,8,mean_corr,peak,0.6342592592592593,0.6006944444444444
in_nifty50,8,absorption,all,0.6753246753246753,0.6493506493506493
in_nifty50,8,absorption,volmatched,0.7168367346938775,0.6811224489795918
in_nifty50,8,absorption,peak,0.6244212962962963,0.5610532407407407
in_nifty50,8,cssd,all,0.7142857142857143,0.6274350649350648
in_nifty50,8,cssd,volmatched,0.8112244897959184,0.6122448979591837
in_nifty50,8,cssd,peak,0.6168981481481481,0.5908564814814815
in_nifty50,8,flicker,all,0.7142857142857143,0.6915584415584415
in_nifty50,8,flicker,volmatched,0.7806122448979592,0.7397959183673469
in_nifty50,8,flicker,peak,0.6545138888888888,0.6423611111111112
it_ftsemib,20,var_index,all,0.797887323943662,0.864788732394366
it_ftsemib,20,var_index,volmatched,0.7531914893617022,0.823404255319149
it_ftsemib,20,var_index,peak,0.6782520325203253,0.697459349593496
it_ftsemib,20,ac1_index,all,0.3535211267605634,0.3570422535211268
it_ftsemib,20,ac1_index,volmatched,0.3978723404255319,0.32659574468085106
it_ftsemib,20,ac1_index,peak,0.4058943089430895,0.456910569105691
it_ftsemib,20,mean_corr,all,0.7915492957746479,0.7267605633802818
it_ftsemib,20,mean_corr,volmatched,0.8,0.7515957446808511
it_ftsemib,20,mean_corr,peak,0.6491869918699187,0.64369918699187
it_ftsemib,20,absorption,all,0.8190140845070422,0.748943661971831
it_ftsemib,20,absorption,volmatched,0.8074468085106383,0.8037234042553191
it_ftsemib,20,absorption,peak,0.6658536585365854,0.6739837398373983
it_ftsemib,20,cssd,all,0.5943661971830986,0.6880281690140845
it_ftsemib,20,cssd,volmatched,0.5361702127659574,0.6765957446808512
it_ftsemib,20,cssd,peak,0.5934959349593496,0.6377032520325203
it_ftsemib,20,flicker,all,0.7795774647887324,0.7098591549295774
it_ftsemib,20,flicker,volmatched,0.8170212765957446,0.7893617021276598
it_ftsemib,20,flicker,peak,0.6483739837398375,0.6028455284552845
jp_largecap,22,var_index,all,0.5,0.6136363636363636
jp_largecap,22,var_index,volmatched,0.5,0.6136363636363636
jp_largecap,22,var_index,peak,0.5659444182760246,0.552284503061705
jp_largecap,22,ac1_index,all,1.0,0.7840909090909091
jp_largecap,22,ac1_index,volmatched,1.0,0.7840909090909091
jp_largecap,22,ac1_index,peak,0.3836552048987281,0.4692651907677814
jp_largecap,22,mean_corr,all,0.45454545454545453,0.8181818181818182
jp_largecap,22,mean_corr,volmatched,0.45454545454545453,0.8181818181818182
jp_largecap,22,mean_corr,peak,0.4851625058878945,0.4603155911446067
jp_largecap,22,absorption,all,0.36363636363636365,0.8181818181818182
jp_largecap,22,absorption,volmatched,0.36363636363636365,0.8181818181818182
jp_largecap,22,absorption,peak,0.45077720207253885,0.43346679227508245
jp_largecap,22,cssd,all,0.5454545454545454,0.5
jp_largecap,22,cssd,volmatched,0.5454545454545454,0.5
jp_largecap,22,cssd,peak,0.47880357983984917,0.5757183231276496
jp_largecap,22,flicker,all,0.6363636363636364,1.0
jp_largecap,22,flicker,volmatched,0.6363636363636364,1.0
jp_largecap,22,flicker,peak,0.467263306641545,0.5007065473386718
kr_kospi200,18,var_index,all,0.5426900584795321,0.5818713450292398
kr_kospi200,18,var_index,volmatched,0.4279513888888889,0.5043402777777778
kr_kospi200,18,var_index,peak,0.5772128060263655,0.6184086629001884
kr_kospi200,18,ac1_index,all,0.5052631578947369,0.44327485380116965
kr_kospi200,18,ac1_index,volmatched,0.4383680555555556,0.3736979166666667
kr_kospi200,18,ac1_index,peak,0.3912429378531074,0.38335687382297556
kr_kospi200,18,mean_corr,all,0.5011695906432748,0.6502923976608188
kr_kospi200,18,mean_corr,volmatched,0.390625,0.5720486111111112
kr_kospi200,18,mean_corr,peak,0.47363465160075335,0.5898069679849339
kr_kospi200,18,absorption,all,0.5192982456140351,0.6660818713450293
kr_kospi200,18,absorption,volmatched,0.40625,0.6024305555555556
kr_kospi200,18,absorption,peak,0.49529190207156315,0.5912193973634652
kr_kospi200,18,cssd,all,0.49239766081871345,0.5809941520467836
kr_kospi200,18,cssd,volmatched,0.4453125,0.4978298611111111
kr_kospi200,18,cssd,peak,0.532015065913371,0.5341337099811675
kr_kospi200,18,flicker,all,0.5426900584795322,0.6368421052631579
kr_kospi200,18,flicker,volmatched,0.4418402777777778,0.5607638888888888
kr_kospi200,18,flicker,peak,0.5317796610169492,0.6221751412429378
nl_aex,15,var_index,all,0.7296551724137931,0.6995402298850576
nl_aex,15,var_index,volmatched,0.7306010928961747,0.6909836065573771
nl_aex,15,var_index,peak,0.6374558303886926,0.6207302709069494
nl_aex,15,ac1_index,all,0.5471264367816091,0.5351724137931035
nl_aex,15,ac1_index,volmatched,0.5781420765027323,0.5726775956284152
nl_aex,15,ac1_index,peak,0.566077738515901,0.4954063604240283
nl_aex,15,mean_corr,all,0.7743055555555556,0.7282986111111112
nl_aex,15,mean_corr,volmatched,0.8018018018018018,0.7607607607607607
nl_aex,15,mean_corr,peak,0.6918947933440687,0.6401869158878505
nl_aex,15,absorption,all,0.7413194444444444,0.7061631944444444
nl_aex,15,absorption,volmatched,0.7637637637637636,0.7417417417417417
nl_aex,15,absorption,peak,0.6682769726247987,0.6272066458982347
nl_aex,15,cssd,all,0.5572916666666666,0.62109375
nl_aex,15,cssd,volmatched,0.5455455455455456,0.6156156156156156
nl_aex,15,cssd,peak,0.5287171229200215,0.6399273104880581
nl_aex,15,flicker,all,0.7890625,0.7404513888888888
nl_aex,15,flicker,volmatched,0.8078078078078078,0.7507507507507507
nl_aex,15,flicker,peak,0.7069243156199678,0.6671858774662514
se_omx30,11,var_index,all,0.8479623824451412,0.8134796238244515
se_omx30,11,var_index,volmatched,0.9022298456260721,0.8319039451114922
se_omx30,11,var_index,peak,0.4822695035460994,0.597678916827853
se_omx30,11,ac1_index,all,0.5595611285266459,0.4843260188087774
se_omx30,11,ac1_index,volmatched,0.5643224699828473,0.48198970840480276
se_omx30,11,ac1_index,peak,0.6879432624113475,0.6286266924564797
se_omx30,11,mean_corr,all,0.7648902821316614,0.7727272727272727
se_omx30,11,mean_corr,volmatched,0.8181818181818182,0.7924528301886792
se_omx30,11,mean_corr,peak,0.4416505480335267,0.5003223726627982
se_omx30,11,absorption,all,0.7601880877742947,0.7304075235109718
se_omx30,11,absorption,volmatched,0.8130360205831905,0.7478559176672385
se_omx30,11,absorption,peak,0.437137330754352,0.5003223726627982
se_omx30,11,cssd,all,0.8338557993730408,0.8644200626959248
se_omx30,11,cssd,volmatched,0.8456260720411664,0.8807890222984563
se_omx30,11,cssd,peak,0.6137975499677627,0.6589297227595101
se_omx30,11,flicker,all,0.658307210031348,0.7539184952978055
se_omx30,11,flicker,volmatched,0.7015437392795884,0.7667238421955404
se_omx30,11,flicker,peak,0.4184397163120568,0.5274016763378466
sg_sti,10,var_index,all,0.42122641509433967,0.47594339622641507
sg_sti,10,var_index,volmatched,0.43512195121951225,0.48048780487804876
sg_sti,10,var_index,peak,0.4251748251748252,0.4575174825174826
sg_sti,10,ac1_index,all,0.5009433962264151,0.603066037735849
sg_sti,10,ac1_index,volmatched,0.4848780487804879,0.5909756097560976
sg_sti,10,ac1_index,peak,0.49825174825174834,0.6111888111888112
sg_sti,10,mean_corr,all,0.28537735849056606,0.4091981132075472
sg_sti,10,mean_corr,volmatched,0.2951219512195122,0.4231707317073171
sg_sti,10,mean_corr,peak,0.3300699300699301,0.3821678321678321
sg_sti,10,absorption,all,0.2816037735849057,0.40377358490566034
sg_sti,10,absorption,volmatched,0.291219512195122,0.41707317073170735
sg_sti,10,absorption,peak,0.32622377622377624,0.3611888111888112
sg_sti,10,cssd,all,0.4518867924528302,0.5299528301886792
sg_sti,10,cssd,volmatched,0.4648780487804878,0.5387804878048781
sg_sti,10,cssd,peak,0.5185314685314685,0.5192307692307693
sg_sti,10,flicker,all,0.275,0.38066037735849056
sg_sti,10,flicker,volmatched,0.284390243902439,0.39365853658536587
sg_sti,10,flicker,peak,0.30804195804195805,0.3552447552447552
uk_ftse100,8,var_index,all,0.573902027027027,0.47297297297297297
uk_ftse100,8,var_index,volmatched,0.5582669322709164,0.45766932270916333
uk_ftse100,8,var_index,peak,0.5663357400722022,0.45780685920577624
uk_ftse100,8,ac1_index,all,0.6351351351351351,0.3984375
uk_ftse100,8,ac1_index,volmatched,0.649402390438247,0.4280378486055777
uk_ftse100,8,ac1_index,peak,0.6367328519855595,0.371841155234657
uk_ftse100,8,mean_corr,all,0.4814189189189189,0.4157516891891892
uk_ftse100,8,mean_corr,volmatched,0.47460159362549803,0.41658366533864544
uk_ftse100,8,mean_corr,peak,0.5126353790613718,0.4268953068592058
uk_ftse100,8,absorption,all,0.4793074324324324,0.42863175675675674
uk_ftse100,8,absorption,volmatched,0.4721115537848606,0.43177290836653387
uk_ftse100,8,absorption,peak,0.5212093862815884,0.440884476534296
uk_ftse100,8,cssd,all,0.6186655405405406,0.5386402027027026
uk_ftse100,8,cssd,volmatched,0.6120517928286853,0.5363545816733067
uk_ftse100,8,cssd,peak,0.5821299638989169,0.5236913357400722
uk_ftse100,8,flicker,all,0.5380067567567568,0.45819256756756754
uk_ftse100,8,flicker,volmatched,0.5283864541832669,0.4611553784860558
uk_ftse100,8,flicker,peak,0.5505415162454874,0.4805956678700361
uk_ftse250,15,var_index,all,0.6782608695652173,0.5692753623188407
uk_ftse250,15,var_index,volmatched,0.6476190476190476,0.563265306122449
uk_ftse250,15,var_index,peak,0.6307328605200946,0.5226950354609929
uk_ftse250,15,ac1_index,all,0.6382608695652173,0.4269565217391304
uk_ftse250,15,ac1_index,volmatched,0.6285714285714286,0.44251700680272116
uk_ftse250,15,ac1_index,peak,0.6673758865248227,0.4444444444444445
uk_ftse250,15,mean_corr,all,0.5768115942028985,0.4811594202898551
uk_ftse250,15,mean_corr,volmatched,0.529251700680272,0.49115646258503415
uk_ftse250,15,mean_corr,peak,0.6229314420803782,0.48912529550827427
uk_ftse250,15,absorption,all,0.5779710144927536,0.45768115942028975
uk_ftse250,15,absorption,volmatched,0.5346938775510204,0.486734693877551
uk_ftse250,15,absorption,peak,0.5933806146572104,0.48167848699763594
uk_ftse250,15,cssd,all,0.7217391304347824,0.6159420289855073
uk_ftse250,15,cssd,volmatched,0.7054421768707484,0.6017006802721088
uk_ftse250,15,cssd,peak,0.609692671394799,0.5522458628841608
uk_ftse250,15,flicker,all,0.6342028985507245,0.5205797101449275
uk_ftse250,15,flicker,volmatched,0.5918367346938775,0.5231292517006804
uk_ftse250,15,flicker,peak,0.6276595744680851,0.4990543735224586
us_sp400_mid,12,var_index,all,0.5534883720930234,0.5868217054263567
us_sp400_mid,12,var_index,volmatched,0.5444711538461539,0.5821314102564102
us_sp400_mid,12,var_index,peak,0.4923728813559321,0.5012711864406779
us_sp400_mid,12,ac1_index,all,0.515891472868217,0.35930232558139535
us_sp400_mid,12,ac1_index,volmatched,0.5068108974358974,0.3513621794871795
us_sp400_mid,12,ac1_index,peak,0.5861581920903954,0.4206214689265537
us_sp400_mid,12,mean_corr,all,0.5724806201550389,0.6067829457364341
us_sp400_mid,12,mean_corr,volmatched,0.5629006410256411,0.6031650641025641
us_sp400_mid,12,mean_corr,peak,0.47118644067796617,0.4970338983050848
us_sp400_mid,12,absorption,all,0.5666666666666667,0.587015503875969
us_sp400_mid,12,absorption,volmatched,0.5556891025641025,0.5827323717948718
us_sp400_mid,12,absorption,peak,0.46807909604519776,0.48149717514124296
us_sp400_mid,12,cssd,all,0.49418604651162784,0.5753875968992249
us_sp400_mid,12,cssd,volmatched,0.4951923076923077,0.5727163461538461
us_sp400_mid,12,cssd,peak,0.47231638418079097,0.5745762711864406
us_sp400_mid,12,flicker,all,0.603875968992248,0.6751937984496124
us_sp400_mid,12,flicker,volmatched,0.5965544871794871,0.6774839743589745
us_sp400_mid,12,flicker,peak,0.4988700564971751,0.5310734463276836
us_sp500,11,var_index,all,0.7465127465127466,0.7392977392977392
us_sp500,11,var_index,volmatched,0.7367632367632367,0.7392607392607392
us_sp500,11,var_index,peak,0.6018896833503574,0.6196373850868233
us_sp500,11,ac1_index,all,0.5161135161135161,0.4410774410774411
us_sp500,11,ac1_index,volmatched,0.5134865134865135,0.43806193806193794
us_sp500,11,ac1_index,peak,0.5875893769152195,0.5134065372829417
us_sp500,11,mean_corr,all,0.6594516594516594,0.6875901875901875
us_sp500,11,mean_corr,volmatched,0.6478521478521478,0.6888111888111887
us_sp500,11,mean_corr,peak,0.5403472931562819,0.5421348314606742
us_sp500,11,absorption,all,0.657046657046657,0.6594516594516595
us_sp500,11,absorption,volmatched,0.6463536463536463,0.6618381618381618
us_sp500,11,absorption,peak,0.5365168539325843,0.5346016343207354
us_sp500,11,cssd,all,0.6455026455026456,0.7241462241462241
us_sp500,11,cssd,volmatched,0.6438561438561439,0.7255244755244754
us_sp500,11,cssd,peak,0.5671603677221654,0.619126659856997
us_sp500,11,flicker,all,0.6642616642616642,0.706108706108706
us_sp500,11,flicker,volmatched,0.6563436563436563,0.7072927072927073
us_sp500,11,flicker,peak,0.5398365679264556,0.5653728294177733
us_sp600_small,17,var_index,all,0.6339869281045752,0.6797385620915033
us_sp600_small,17,var_index,volmatched,0.6339869281045752,0.6797385620915033
us_sp600_small,17,var_index,peak,0.5220588235294118,0.5833728652751423
us_sp600_small,17,ac1_index,all,0.4662309368191721,0.3684640522875817
us_sp600_small,17,ac1_index,volmatched,0.4662309368191721,0.3684640522875817
us_sp600_small,17,ac1_index,peak,0.5277514231499051,0.4966793168880456
us_sp600_small,17,mean_corr,all,0.7483660130718954,0.7878540305010894
us_sp600_small,17,mean_corr,volmatched,0.7483660130718954,0.7878540305010894
us_sp600_small,17,mean_corr,peak,0.5377134724857685,0.6061432637571159
us_sp600_small,17,absorption,all,0.738562091503268,0.7775054466230936
us_sp600_small,17,absorption,volmatched,0.738562091503268,0.7775054466230936
us_sp600_small,17,absorption,peak,0.5246679316888044,0.5817125237191652
us_sp600_small,17,cssd,all,0.5735294117647058,0.6307189542483661
us_sp600_small,17,cssd,volmatched,0.5735294117647058,0.6307189542483661
us_sp600_small,17,cssd,peak,0.5336812144212524,0.5565702087286528
us_sp600_small,17,flicker,all,0.8115468409586056,0.8262527233115469
us_sp600_small,17,flicker,volmatched,0.8115468409586056,0.8262527233115469
us_sp600_small,17,flicker,peak,0.5763757115749526,0.6008064516129032
world_indices,10,var_index,all,0.5621722846441947,0.4595505617977528
world_indices,10,var_index,volmatched,0.5805,0.4845
world_indices,10,var_index,peak,0.5958974358974359,0.46217948717948715
world_indices,10,ac1_index,all,0.6056179775280899,0.4788389513108614
world_indices,10,ac1_index,volmatched,0.6365000000000001,0.49325
world_indices,10,ac1_index,peak,0.6228205128205128,0.4852564102564103
world_indices,10,mean_corr,all,0.5253893026404876,0.5659176029962547
world_indices,10,mean_corr,volmatched,0.5751391465677179,0.594
world_indices,10,mean_corr,peak,0.5114285714285715,0.5342307692307693
world_indices,10,absorption,all,0.5517941773865944,0.599438202247191
world_indices,10,absorption,volmatched,0.6001855287569573,0.627
world_indices,10,absorption,peak,0.5409523809523809,0.5692307692307692
world_indices,10,cssd,all,0.4766418415707515,0.41685393258426967
world_indices,10,cssd,volmatched,0.4656771799628942,0.418
world_indices,10,cssd,peak,0.5538095238095239,0.46871794871794864
world_indices,10,flicker,all,0.6811103588354773,0.697378277153558
world_indices,10,flicker,volmatched,0.7105751391465677,0.7155000000000001
world_indices,10,flicker,peak,0.6876190476190477,0.6797435897435897
