market,kind,date,trough,mean_corr,planted_mean_corr,absorption,planted_absorption,flicker,planted_flicker,quarter
au_asx200,crash,2007-07-24,2007-08-17,-0.08946190957609491,-0.05946190957609493,-0.0852261400192246,-0.055226140019224636,-0.052564017666757404,-0.02256401766675739,2007Q3
au_asx200,crash,2008-05-19,2008-07-15,-0.05968485616557512,-0.029684856165575146,-0.05916099416776836,-0.029160994167768333,-0.08236185685583022,-0.052361856855830224,2008Q2
au_asx200,crash,2009-01-07,2009-03-06,0.050307602350379156,0.08030760235037913,0.049559390624275376,0.07955939062427539,0.03074080086580087,0.06074080086580087,2009Q1
au_asx200,crash,2010-04-15,2010-07-05,0.04283203328477908,0.0728320332847791,0.04597769405993479,0.0759776940599348,0.0333609293023739,0.0633609293023739,2010Q2
au_asx200,crash,2011-07-08,2011-09-26,-0.03879800460620687,-0.008798004606206852,-0.022290727581992936,0.0077092724180070574,-0.049946483840841195,-0.0199464838408412,2011Q3
au_asx200,crash,2012-05-02,2012-06-04,-0.013567990890649364,0.016432009109350654,-0.009666275143465275,0.020333724856534733,0.011548719497089069,0.04154871949708906,2012Q2
au_asx200,crash,2013-05-14,2013-06-25,0.009892187597140794,0.0398921875971408,0.022796320112596104,0.0527963201125961,-0.029388723059236593,0.0006112769407634113,2013Q2
au_asx200,crash,2015-07-21,2015-09-29,-0.009236912218188134,0.020763087781811865,-0.01169456346354241,0.018305436536457557,0.008628514780794194,0.038628514780794196,2015Q3
au_asx200,crash,2020-02-20,2020-03-23,-0.08476249701739869,-0.05476249701739867,-0.08054436165346521,-0.050544361653465236,-0.0450660226869904,-0.015066022686990421,2020Q1
au_asx200,placebo,2001-10-09,2001-10-09,0.0008885929067082524,,-0.010810695562442265,,-0.015662878787878785,,2001Q4
au_asx200,placebo,2002-08-09,2002-08-09,-0.015153854135802983,,-0.004008098844597431,,-0.01425957576453101,,2002Q3
au_asx200,placebo,2003-03-18,2003-03-18,0.004439128587493027,,0.005201284987975323,,0.014404223227752639,,2003Q1
au_asx200,placebo,2005-11-01,2005-11-01,-0.006075522920752451,,-0.0021742246595110037,,-0.03634808567831823,,2005Q4
au_asx200,placebo,2006-06-22,2006-06-22,0.00940389014693994,,0.02007379886888669,,0.0019057947504209163,,2006Q2
au_asx200,placebo,2016-11-22,2016-11-22,-0.011835951660243465,,0.010422237640086318,,-0.014894604062947714,,2016Q4
au_asx200,placebo,2018-10-31,2018-10-31,-0.004869825847254658,,0.008479384583066171,,-0.003816323684373647,,2018Q4
au_asx200,placebo,2021-10-06,2021-10-06,0.007423333100144131,,0.01947203303713486,,-0.010119111323459152,,2021Q4
au_asx200,placebo,2022-05-20,2022-05-20,-0.011672771107020292,,-0.010376728215221226,,-7.98340991279937e-05,,2022Q2
au_asx200,placebo,2024-08-05,2024-08-05,-0.004110457175767322,,-0.0069319947566849685,,-0.0342819591604758,,2024Q3
au_asx200,placebo,2025-04-30,2025-04-30,-0.008186098861451796,,0.0010215738771399234,,0.03699228650512289,,2025Q2
br_b3,crash,2001-01-26,2001-04-20,-0.02346921893016587,0.00653078106983412,-0.02185665516844637,0.008143344831553637,0.011359321782962473,0.04135932178296248,2001Q1
br_b3,crash,2002-01-07,2002-01-29,-0.008622245946951735,0.021377754053048245,0.0011366085425274046,0.031136608542527405,0.012486467449315744,0.04248646744931576,2002Q1
br_b3,crash,2002-08-29,2002-10-16,0.038804489354078195,0.06880448935407815,0.03346482489283187,0.06346482489283192,0.027659704811459816,0.057659704811459836,2002Q3
br_b3,crash,2004-01-26,2004-03-11,0.05077214572247857,0.08077214572247855,0.03960349325444414,0.06960349325444416,0.07412905612905611,0.10412905612905612,2004Q1
br_b3,crash,2005-03-07,2005-05-13,0.03491685350184456,0.06491685350184459,0.004829625853812913,0.03482962585381288,0.03753975777884088,0.06753975777884091,2005Q1
br_b3,crash,2005-10-03,2005-10-20,-0.006701022434848884,0.023298977565151133,-0.03003045486141372,-3.0454861413675705e-05,-0.01710881647208307,0.012891183527916931,2005Q4
br_b3,crash,2006-05-09,2006-06-13,-0.0194381270156894,0.010561872984310583,-0.01359311980636183,0.016406880193638194,-0.03205235221328677,-0.002052352213286754,2006Q2
br_b3,crash,2007-02-22,2007-03-05,0.02710453616691147,0.05710453616691147,0.0235501471689367,0.053550147168936676,0.05828920716964196,0.08828920716964195,2007Q1
br_b3,crash,2007-12-06,2008-01-21,-0.07656593286962356,-0.04656593286962355,-0.06574673244651306,-0.035746732446513024,-0.03695721922651358,-0.006957219226513563,2007Q4
br_b3,crash,2009-01-06,2009-03-02,0.08628131063737031,0.11628131063737031,0.07632343642572535,0.10632343642572538,0.10753408954879538,0.13753408954879542,2009Q1
br_b3,crash,2009-10-19,2009-10-28,0.009965771623984071,0.039965771623984084,0.01684374172940455,0.04684374172940453,-0.02446187362091252,0.005538126379087523,2009Q4
br_b3,crash,2011-01-12,2011-02-09,-0.005973069841113746,0.02402693015888625,0.008529124899752535,0.038529124899752513,-0.014392112310689589,0.015607887689310422,2011Q1
br_b3,crash,2011-09-01,2011-10-04,-0.056641313428397067,-0.026641313428397078,-0.04320759861282181,-0.013207598612821817,-0.04728488677801616,-0.017284886778016158,2011Q3
br_b3,crash,2012-03-13,2012-06-05,-0.030202483605486958,-0.00020248360548695554,-0.02927647367757005,0.0007235263224299645,0.001185785255408689,0.031185785255408698,2012Q1
br_b3,crash,2013-05-22,2013-07-03,0.07035274048440777,0.10035274048440779,0.05156310274111289,0.0815631027411129,0.03606658011834899,0.06606658011834901,2013Q2
br_b3,crash,2014-09-02,2014-10-27,-0.010472746946861308,0.019527253053138686,-0.02739467443670024,0.0026053255632997783,-0.02848111788198834,0.0015188821180116621,2014Q3
br_b3,crash,2015-11-24,2016-01-26,0.06263038650634213,0.09263038650634207,0.06088519729118713,0.09088519729118709,0.06636275462824065,0.09636275462824066,2015Q4
br_b3,crash,2016-10-31,2016-12-19,-0.0032199518330644494,0.02678004816693552,0.0021326532143985874,0.032132653214398614,0.025968000307375373,0.05596800030737539,2016Q4
br_b3,crash,2017-05-16,2017-06-21,0.03523599798710873,0.06523599798710876,0.027933277080478314,0.0579332770804783,0.08033591000502764,0.11033591000502764,2017Q2
br_b3,crash,2018-05-16,2018-06-18,-0.003830910992722189,0.026169089007277796,-0.0015633169270073872,0.028436683072992613,-0.024068596288319307,0.0059314037116807395,2018Q2
br_b3,crash,2020-01-23,2020-03-23,-0.08156380828229418,-0.05156380828229423,-0.06200425748828112,-0.032004257488281146,-0.04520784081954299,-0.015207840819542962,2020Q1
br_b3,crash,2021-10-15,2021-12-01,-0.01621415234623731,0.01378584765376272,-0.009354601313149627,0.020645398686850374,-0.008437755166373623,0.02156224483362643,2021Q4
br_b3,crash,2022-06-02,2022-07-14,0.0007004788952562855,0.030700478895256313,0.0020984592500484047,0.03209845925004839,0.02426967200374062,0.05426967200374063,2022Q2
ca_tsx60,crash,2000-12-11,2001-03-02,0.05171332383125534,0.08171332383125535,0.05481562100292852,0.08481562100292854,0.04371557734820573,0.0737155773482057,2000Q4
ca_tsx60,crash,2001-08-07,2001-09-21,0.043664727208612066,0.07366472720861207,0.05948077919386611,0.08948077919386606,0.04269456109151134,0.07269456109151133,2001Q3
ca_tsx60,crash,2002-08-22,2002-10-09,0.011450175427660442,0.04145017542766046,0.004421690159598611,0.03442169015959862,0.03928154287529286,0.06928154287529287,2002Q3
ca_tsx60,crash,2007-07-19,2007-08-16,-0.060636776042726735,-0.03063677604272673,-0.05767313167370352,-0.027673131673703527,-0.06838622680534447,-0.03838622680534446,2007Q3
ca_tsx60,crash,2008-06-18,2008-09-09,0.0013284155990123437,0.031328415599012345,0.0028531181760319915,0.03285311817603201,0.02231298600182371,0.05231298600182374,2008Q2
ca_tsx60,crash,2009-01-06,2009-03-09,0.03422121252757492,0.06422121252757493,0.02435615139878361,0.05435615139878363,-0.009890477696454944,0.020109522303545107,2009Q1
ca_tsx60,crash,2011-07-22,2011-10-04,-0.03207354003708145,-0.0020735400370814248,-0.04351792648279936,-0.013517926482799378,-0.042789962358958156,-0.012789962358958152,2011Q3
ca_tsx60,crash,2014-09-03,2014-10-15,-0.06710494747381837,-0.037104947473818366,-0.04700073116519813,-0.017000731165198117,-0.04838215838215837,-0.018382158382158384,2014Q3
ca_tsx60,crash,2020-02-20,2020-03-23,-0.10778230699941689,-0.07778230699941689,-0.09844228816641412,-0.06844228816641412,-0.07555704099821749,-0.04555704099821746,2020Q1
ca_tsx60,crash,2022-03-29,2022-06-23,0.020678683464636863,0.05067868346463685,0.02618715331506058,0.05618715331506061,0.06957383868380985,0.09957383868380991,2022Q1
ca_tsx60,placebo,2004-05-25,2004-05-25,0.01187590449178691,,0.013528214219592292,,0.009837688131679005,,2004Q2
ca_tsx60,placebo,2005-11-02,2005-11-02,0.02883568729533411,,0.02644934871645167,,0.049599916212819437,,2005Q4
ca_tsx60,placebo,2006-06-21,2006-06-21,0.05975395126851574,,0.04432198732874087,,0.05449998835769208,,2006Q2
ca_tsx60,placebo,2010-02-17,2010-02-17,0.05090360280133516,,0.04718728297629346,,0.00913827341137125,,2010Q1
ca_tsx60,placebo,2015-09-16,2015-09-16,-0.07804854810230602,,-0.03386402841869449,,0.0020775141822260896,,2015Q3
ca_tsx60,placebo,2018-12-27,2018-12-27,0.04661550582516182,,0.07442816725886005,,0.07474552190212243,,2018Q4
ca_tsx60,placebo,2025-04-15,2025-04-15,-0.04185455866103388,,-0.019730838990443547,,-0.07505957337847223,,2025Q2
ch_smi,crash,2001-02-06,2001-03-22,0.04623598209577158,0.07623598209577158,0.02872917645109991,0.058729176451099895,0.04971017948367086,0.07971017948367087,2001Q1
ch_smi,crash,2002-05-16,2002-07-24,-0.022685401217556796,0.007314598782443195,-0.02693648108598905,0.003063518914010984,-0.1343919691260117,-0.10439196912601167,2002Q2
ch_smi,crash,2002-11-27,2003-02-26,0.014129749784801327,0.044129749784801296,-0.009524173751166662,0.020475826248833345,0.043203267050567186,0.07320326705056723,2002Q4
ch_smi,crash,2006-05-09,2006-06-13,0.04854892050786126,0.07854892050786129,0.03808789968513917,0.06808789968513915,0.0343852722863083,0.06438527228630836,2006Q2
ch_smi,crash,2007-10-11,2008-01-07,-0.1262782173027086,-0.09627821730270864,-0.09943389758506029,-0.06943389758506023,-0.06690909239759811,-0.03690909239759809,2007Q4
ch_smi,crash,2008-05-19,2008-07-15,-0.1508969378957062,-0.12089693789570617,-0.10286722395603953,-0.07286722395603949,-0.16138049099271262,-0.13138049099271262,2008Q2
ch_smi,crash,2010-04-15,2010-07-05,0.03920897035618547,0.06920897035618541,0.020443550694320817,0.050443550694320854,0.023179843248358267,0.05317984324835826,2010Q2
ch_smi,crash,2011-02-18,2011-03-16,0.08690565142602932,0.11690565142602934,0.08277205118390782,0.11277205118390779,0.07190914716776792,0.10190914716776792,2011Q1
ch_smi,crash,2013-05-22,2013-06-24,0.03460269912466636,0.06460269912466642,0.0319761365930948,0.061976136593094776,0.048204357236965936,0.07820435723696595,2013Q2
ch_smi,crash,2015-01-13,2015-01-16,-0.023502951595394866,0.0064970484046051324,-0.0296791011450743,0.00032089885492572745,0.014396409749670658,0.04439640974967063,2015Q1
ch_smi,crash,2015-08-05,2015-09-24,-0.01676591103248326,0.013234088967516747,-0.016239073885269534,0.0137609261147305,0.012112930180306042,0.042112930180306096,2015Q3
ch_smi,crash,2018-12-03,2018-12-27,-0.009888273657356594,0.02011172634264341,-0.013480429065508791,0.016519570934491256,-0.08527973426212596,-0.05527973426212589,2018Q4
ch_smi,crash,2020-02-19,2020-03-23,-0.17657379892748543,-0.14657379892748543,-0.14512088265508338,-0.11512088265508333,-0.11283826941879913,-0.08283826941879908,2020Q1
ch_smi,crash,2025-03-03,2025-04-09,-0.0614004372776374,-0.0314004372776374,-0.05445457995398578,-0.024454579953985756,-0.061593601040011575,-0.03159360104001155,2025Q1
ch_smi,placebo,2004-04-06,2004-04-06,0.05782351603623906,,0.05006404146977336,,0.08878097502621272,,2004Q2
ch_smi,placebo,2022-03-18,2022-03-18,0.027766911182908267,,0.03809084889067813,,0.03678102647880995,,2022Q1
crypto,crash,2017-01-04,2017-01-11,,,,,,,2017Q1
crypto,crash,2017-09-01,2017-09-14,,,,,,,2017Q3
crypto,crash,2018-03-05,2018-04-06,0.16495859095496795,0.19495859095496798,0.14175274489854675,0.1717527448985468,0.05614817964573164,0.08614817964573165,2018Q1
crypto,crash,2018-11-07,2018-12-15,-0.0917203100871644,-0.06172031008716435,-0.08622269446837076,-0.05622269446837069,-0.11997315388610376,-0.08997315388610376,2018Q4
crypto,crash,2020-02-12,2020-03-12,0.06967485374139157,0.09967485374139165,0.049126405061719225,0.07912640506171925,0.00558769166981235,0.035587691669812294,2020Q1
crypto,crash,2021-05-08,2021-06-25,0.254307424517583,0.284307424517583,0.218100082572363,0.24810008257236296,0.21167557371398416,0.24167557371398427,2021Q2
crypto,crash,2021-12-24,2022-01-22,0.10134715245537985,0.1313471524553799,0.07694085085805567,0.10694085085805567,0.10209869190401066,0.13209869190401066,2021Q4
crypto,crash,2022-05-31,2022-06-18,0.032511410076338086,0.06251141007633806,0.025516848812091108,0.05551684881209107,-0.14414866431545198,-0.11414866431545194,2022Q2
crypto,placebo,2015-08-26,2015-08-26,,,,,,,2015Q3
crypto,placebo,2016-01-26,2016-01-26,,,,,,,2016Q1
crypto,placebo,2024-03-22,2024-03-22,0.13455796395432018,,0.12433059216121652,,0.13973307639479127,,2024Q1
crypto,placebo,2025-03-15,2025-03-15,0.07371000090919101,,0.07337279233318707,,0.015362535737565372,,2025Q1
de_dax,crash,2000-09-04,2000-10-12,0.04365210851130328,0.07365210851130329,0.029498648289457762,0.05949864828945776,0.008446764913942107,0.03844676491394211,2000Q3
de_dax,crash,2002-03-19,2002-06-14,0.06014378924278417,0.09014378924278425,0.07628317500605422,0.10628317500605414,0.056674655967338915,0.08667465596733884,2002Q1
de_dax,crash,2002-12-02,2003-02-26,-0.010976201041445754,0.019023798958554255,0.006673039805718002,0.03667303980571801,-0.04407292649492354,-0.014072926494923527,2002Q4
de_dax,crash,2003-09-04,2003-09-30,0.1155297466630301,0.14552974666303015,0.09955853890078582,0.12955853890078578,0.14356871070106364,0.1735687107010637,2003Q3
de_dax,crash,2004-03-08,2004-03-24,0.12117413406027464,0.15117413406027466,0.10351697422578465,0.13351697422578465,0.10953773421780014,0.13953773421780014,2004Q1
de_dax,crash,2006-05-09,2006-06-13,0.05985426394661999,0.08985426394662001,0.05550567897299379,0.08550567897299384,0.10567264043216852,0.1356726404321686,2006Q2
de_dax,crash,2007-07-16,2007-08-16,-0.04418789085609772,-0.014187890856097729,-0.0331576237386821,-0.0031576237386820535,-0.12354131798987367,-0.09354131798987363,2007Q3
de_dax,crash,2008-02-19,2008-03-17,-0.06978741435315591,-0.03978741435315593,-0.044109179758742276,-0.014109179758742296,0.0217393965263862,0.051739396526386205,2008Q1
de_dax,crash,2008-08-11,2008-10-24,-0.08836141497821437,-0.05836141497821434,-0.06690958645946787,-0.03690958645946783,-0.07910798600376603,-0.04910798600376598,2008Q3
de_dax,crash,2009-06-02,2009-07-08,0.25124469061683047,0.28124469061683044,0.2150001546150532,0.24500015461505323,0.23218253968253966,0.26218253968253974,2009Q2
de_dax,crash,2010-01-04,2010-02-05,0.14616862211300377,0.17616862211300383,0.11805707443948721,0.1480570744394872,0.05715819964349371,0.08715819964349374,2010Q1
de_dax,crash,2011-02-18,2011-03-16,0.0028674099234182646,0.03286740992341825,0.005782886486843802,0.035782886486843794,0.013622181195710603,0.04362218119571062,2011Q1
de_dax,crash,2011-10-28,2011-11-24,-0.011485560908958331,0.01851443909104175,-6.674760818400904e-05,0.029933252391816045,0.016526537744932512,0.04652653774493254,2011Q4
de_dax,crash,2014-07-03,2014-08-08,0.025819210051599123,0.05581921005159914,0.0266442868813636,0.05664428688136358,0.060686250233743695,0.09068625023374373,2014Q3
de_dax,crash,2015-07-20,2015-09-24,-0.052965717782438894,-0.022965717782438777,-0.04413004548149666,-0.014130045481496656,-0.11268606428919263,-0.08268606428919266,2015Q3
de_dax,crash,2016-05-30,2016-06-27,,,,,,,2016Q2
de_dax,crash,2018-01-23,2018-03-26,-0.10338422516363482,-0.07338422516363485,-0.08404057370775449,-0.05404057370775455,-0.07870818344677183,-0.04870818344677183,2018Q1
de_dax,crash,2020-02-19,2020-03-18,-0.11148241724846808,-0.0814824172484681,-0.07777688924974893,-0.04777688924974889,-0.06131764712252517,-0.03131764712252514,2020Q1
de_dax,crash,2020-09-16,2020-10-30,-0.12668319476939585,-0.09668319476939584,-0.05770672801482581,-0.02770672801482581,-0.09594336219336222,-0.06594336219336219,2020Q3
de_dax,crash,2022-06-06,2022-07-05,0.025443091346331426,0.05544309134633144,0.02091373228294967,0.05091373228294969,-0.06507838158573452,-0.035078381585734515,2022Q2
de_dax,crash,2025-03-06,2025-04-09,-0.002678050946806218,0.0273219490531938,-0.030263194653739584,-0.00026319465373957074,-0.029569533475783435,0.00043046652421655646,2025Q1
es_ibex35,crash,2000-09-15,2000-12-04,,,,,,,2000Q3
es_ibex35,crash,2001-08-06,2001-09-21,-0.08149704813940702,-0.05149704813940698,-0.05546704080042017,-0.02546704080042013,-0.17509208034290275,-0.1450920803429027,2001Q3
es_ibex35,crash,2002-08-27,2002-10-09,-0.017205269381557867,0.012794730618442126,-0.012981339439398073,0.017018660560601934,0.009222703257482862,0.03922270325748286,2002Q3
es_ibex35,crash,2006-05-09,2006-06-13,0.009032690200793798,0.0390326902007938,-0.001625721455283502,0.028374278544716545,0.033122022049765956,0.06312202204976596,2006Q2
es_ibex35,crash,2007-12-11,2008-01-23,-0.08788940708558099,-0.05788940708558103,-0.08113620031188398,-0.051136200311884,-0.017807495080411996,0.012192504919588032,2007Q4
es_ibex35,crash,2008-08-11,2008-10-28,-0.0614746603328602,-0.031474660332860206,-0.04307390379346403,-0.013073903793464048,-0.012202313576465862,0.01779768642353413,2008Q3
es_ibex35,crash,2010-01-06,2010-02-05,0.022591178177299595,0.052591178177299566,0.023249191016476323,0.05324919101647632,-0.011518821910484568,0.01848117808951548,2010Q1
es_ibex35,crash,2010-10-22,2010-11-30,0.04833021755645363,0.07833021755645363,0.027710342858386056,0.05771034285838608,0.08085735322777236,0.11085735322777239,2010Q4
es_ibex35,crash,2011-07-01,2011-09-12,-0.06222962937948068,-0.03222962937948067,-0.05608835106858016,-0.026088351068580172,-0.13469135031635032,-0.10469135031635028,2011Q3
es_ibex35,crash,2012-07-03,2012-07-24,-0.04505207683029662,-0.01505207683029659,-0.034422691520191694,-0.004422691520191724,-0.09146146940851092,-0.0614614694085109,2012Q3
es_ibex35,crash,2013-03-14,2013-04-08,0.08771720917594517,0.1177172091759451,0.06861314509157508,0.09861314509157504,0.13025037801247627,0.1602503780124763,2013Q1
es_ibex35,crash,2014-09-05,2014-10-16,-0.10681469083001335,-0.07681469083001334,-0.09672568947800858,-0.06672568947800858,-0.0892285679086109,-0.059228567908610884,2014Q3
es_ibex35,crash,2015-07-20,2015-09-24,-0.07565612364552365,-0.045656123645523634,-0.07930214985736468,-0.04930214985736459,-0.10054123539188446,-0.07054123539188444,2015Q3
es_ibex35,crash,2018-01-23,2018-03-26,-0.07131609421911614,-0.04131609421911613,-0.06644294316598827,-0.036442943165988305,-0.0812492797819095,-0.0512492797819095,2018Q1
es_ibex35,crash,2020-02-19,2020-03-16,-0.09115590332320354,-0.06115590332320353,-0.04988302828650789,-0.01988302828650786,-0.005213896402244178,0.024786103597755866,2020Q1
es_ibex35,crash,2021-06-14,2021-07-19,0.027836083657688613,0.05783608365768858,0.013668097474419943,0.043668097474419874,0.032511199973551334,0.06251119997355133,2021Q2
es_ibex35,crash,2022-02-10,2022-03-07,0.0036677671145521674,0.033667767114552154,0.009691361753183702,0.0396913617531837,0.020487551939741187,0.05048755193974115,2022Q1
es_ibex35,crash,2022-08-16,2022-10-12,0.07386169883473044,0.10386169883473044,0.05396056923056324,0.08396056923056323,0.022538322147040657,0.05253832214704063,2022Q3
es_ibex35,crash,2025-03-25,2025-04-07,-0.007436907534281935,0.022563092465718082,-0.023263790952902947,0.006736209047097079,-0.015498515676315614,0.014501484323684422,2025Q1
eu_stoxx50,crash,2008-05-19,2008-07-15,-0.11837023938034327,-0.08837023938034322,-0.09700759093687408,-0.0670075909368741,-0.0290929197146651,0.0009070802853348714,2008Q2
eu_stoxx50,crash,2009-01-06,2009-03-09,-0.00847219785728992,0.021527802142710106,-0.016059856351364404,0.01394014364863557,0.012898003690051082,0.04289800369005114,2009Q1
eu_stoxx50,crash,2010-01-08,2010-02-05,0.04547493989527241,0.07547493989527233,0.0362026178496255,0.06620261784962557,-0.07142148288001801,-0.041421482880018005,2010Q1
eu_stoxx50,crash,2011-02-18,2011-03-16,0.01956530145293134,0.049565301452931344,0.013334036762678006,0.04333403676267796,0.06013211913054331,0.09013211913054332,2011Q1
eu_stoxx50,crash,2011-10-27,2011-11-23,0.029991101221174765,0.05999110122117476,0.03418273323903388,0.06418273323903394,-0.014582679309320012,0.01541732069067997,2011Q4
eu_stoxx50,crash,2013-05-28,2013-06-24,0.0752781102763666,0.10527811027636665,0.062478814489030546,0.09247881448903064,0.08905780622885894,0.11905780622885884,2013Q2
eu_stoxx50,crash,2014-09-04,2014-10-16,-0.028225081808707985,0.0017749181912920242,-0.03118407735577482,-0.0011840773557747948,-0.003875471987426419,0.026124528012573544,2014Q3
eu_stoxx50,crash,2015-07-20,2015-09-24,-0.10649560174427697,-0.07649560174427698,-0.09578258058519229,-0.06578258058519222,-0.09183016083100959,-0.06183016083100957,2015Q3
eu_stoxx50,crash,2020-02-19,2020-03-18,-0.1665024442937551,-0.13650244429375508,-0.13015916289313928,-0.1001591628931393,-0.07366258023585609,-0.04366258023585612,2020Q1
eu_stoxx50,crash,2022-03-29,2022-06-16,0.00024705927917507514,0.03024705927917505,0.018353640219376684,0.04835364021937668,-0.010669771181332721,0.01933022881866729,2022Q1
eu_stoxx50,crash,2025-03-03,2025-04-09,-0.029747991600285406,0.00025200839971459277,-0.022626135789013475,0.007373864210986551,0.013595712251010158,0.04359571225101014,2025Q1
eu_stoxx50,placebo,2023-03-30,2023-03-30,0.028216816112089104,,0.02134688459010022,,0.03129486351281324,,2023Q1
fr_cac40,crash,2000-09-04,2000-10-18,0.05883737718784448,0.08883737718784447,0.0522852906120795,0.08228529061207948,0.07403999368854441,0.1040399936885444,2000Q3
fr_cac40,crash,2001-05-22,2001-07-25,0.08148335400681464,0.11148335400681464,0.0759573033833769,0.10595730338337694,0.07550600393983614,0.10550600393983617,2001Q2
fr_cac40,crash,2002-08-22,2002-10-09,0.023861069948512323,0.05386106994851234,0.01900798896168319,0.049007988961683215,-0.03888644728890684,-0.008886447288906826,2002Q3
fr_cac40,crash,2006-05-09,2006-06-14,0.03440293736671436,0.06440293736671439,0.03937456976598573,0.06937456976598579,0.046577033594298094,0.0765770335942981,2006Q2
fr_cac40,crash,2007-07-16,2007-08-16,-0.09429928203373214,-0.06429928203373216,-0.07988485862204034,-0.049884858622040326,-0.02961254235294981,0.00038745764705017116,2007Q3
fr_cac40,crash,2008-05-19,2008-07-15,-0.10733446472023833,-0.07733446472023833,-0.09434144944129276,-0.06434144944129275,-0.07057875837311064,-0.04057875837311072,2008Q2
fr_cac40,crash,2009-01-06,2009-03-09,0.010102267205316784,0.04010226720531675,6.813378754837452e-05,0.030068133787548433,-0.03238493670072616,-0.0023849367007262256,2009Q1
fr_cac40,crash,2010-01-08,2010-02-05,0.04037029238609897,0.070370292386099,0.042931583376757294,0.07293158337675726,0.009851271358137787,0.03985127135813784,2010Q1
fr_cac40,crash,2011-02-18,2011-03-16,0.0541285012030269,0.08412850120302695,0.04942803713717661,0.0794280371371766,0.06744804567945799,0.09744804567945793,2011Q1
fr_cac40,crash,2011-10-27,2011-11-24,-0.03228778849169214,-0.0022877884916921443,-0.024877597490816403,0.00512240250918361,-0.14078970019598494,-0.110789700195985,2011Q4
fr_cac40,crash,2013-05-22,2013-06-24,0.010598298777750597,0.0405982987777506,0.019806036846679333,0.049806036846679315,0.0534097108674186,0.0834097108674186,2013Q2
fr_cac40,crash,2014-09-04,2014-10-16,0.013085755755264805,0.043085755755264785,0.0020277144167845317,0.03202771441678447,-0.05569077159399745,-0.025690771593997415,2014Q3
fr_cac40,crash,2015-05-27,2015-07-07,-0.008553935161454048,0.02144606483854587,-0.015369615478537916,0.014630384521462128,0.009214970009025278,0.03921497000902535,2015Q2
fr_cac40,crash,2016-05-30,2016-06-27,0.0005537196492606533,0.030553719649260597,0.005799171861392366,0.03579917186139245,-0.03840811965811969,-0.00840811965811969,2016Q2
fr_cac40,crash,2018-09-27,2018-12-20,0.05485745148645451,0.08485745148645447,0.04885689561502258,0.07885689561502258,0.04951312543093273,0.07951312543093271,2018Q3
fr_cac40,crash,2020-02-19,2020-03-18,-0.13672622543757657,-0.10672622543757657,-0.11058750799904142,-0.08058750799904141,0.05346834648344914,0.08346834648344913,2020Q1
fr_cac40,crash,2022-03-29,2022-06-17,0.035617213612417264,0.06561721361241732,0.0427882788657837,0.07278827886578375,-0.0039448362520050255,0.026055163747994974,2022Q1
fr_cac40,placebo,2023-03-30,2023-03-30,0.03580757633118082,,0.00937030625415335,,0.03644605322159504,,2023Q1
fr_cac40,placebo,2025-05-05,2025-05-05,-0.016064824870543212,,-0.014776752928766512,,-0.03695375807398707,,2025Q2
hk_hsi,crash,2000-11-07,2000-11-30,-0.0029102660805071455,0.027089733919492875,0.021246054481696253,0.05124605448169624,-0.060146970975773685,-0.03014697097577367,2000Q4
hk_hsi,crash,2002-01-07,2002-02-07,0.15425428895855084,0.18425428895855087,0.1309535046304999,0.16095350463049987,0.18898406808915838,0.21898406808915846,2002Q1
hk_hsi,crash,2002-08-22,2002-10-10,-0.004556545953695104,0.025443454046304898,-0.008734538732782265,0.02126546126721775,-0.02141432641432642,0.008585673585673572,2002Q3
hk_hsi,crash,2004-02-18,2004-05-17,0.10871108197886574,0.13871108197886575,0.10105475509496402,0.131054755094964,0.043099144453093007,0.07309914445309303,2004Q1
hk_hsi,crash,2006-05-08,2006-06-13,-0.005872803487907951,0.024127196512092042,0.0010637828454466425,0.03106378284544664,-0.02349646349011473,0.0065035365098852545,2006Q2
hk_hsi,crash,2007-01-24,2007-03-05,0.02088674521072994,0.05088674521072993,0.02257558825091989,0.05257558825091986,0.012841045488644853,0.04284104548864487,2007Q1
hk_hsi,crash,2007-07-24,2007-08-17,-0.14644523028974396,-0.116445230289744,-0.10275296216009726,-0.07275296216009723,-0.12299529687830603,-0.092995296878306,2007Q3
hk_hsi,crash,2008-05-06,2008-07-15,-0.05151326694440743,-0.021513266944407416,-0.04488901638924616,-0.014889016389246158,0.02323677257301368,0.053236772573013645,2008Q2
hk_hsi,crash,2008-12-11,2009-03-09,-0.014052239911391429,0.015947760088608553,-0.019951014422482177,0.01004898557751783,0.0028524866866001717,0.03285248668660015,2008Q4
hk_hsi,crash,2010-01-06,2010-02-08,0.05412423778224552,0.08412423778224552,0.04784334511120105,0.0778433451112011,0.09518442313500454,0.12518442313500464,2010Q1
hk_hsi,crash,2011-10-28,2011-11-25,0.009184436884400321,0.03918443688440029,0.01792432070578784,0.0479243207057879,0.005850036310820632,0.03585003631082063,2011Q4
hk_hsi,crash,2012-05-02,2012-06-04,0.015699142653893,0.045699142653893014,0.013994716082127611,0.04399471608212761,0.015310694128768131,0.04531069412876811,2012Q2
hk_hsi,crash,2013-05-20,2013-06-24,-0.017491446105023133,0.012508553894976866,-0.015479911962950732,0.01452008803704925,-0.0038951512410283994,0.0261048487589716,2013Q2
hk_hsi,crash,2018-01-26,2018-02-12,0.07981779136617435,0.10981779136617438,0.08227357889981886,0.1122735788998189,0.15140516477737573,0.18140516477737573,2018Q1
hk_hsi,crash,2019-07-02,2019-08-13,-0.004265033999414446,0.025734966000585568,0.00024372389111048295,0.03024372389111048,-0.012476720375152133,0.017523279624847857,2019Q3
hk_hsi,crash,2020-01-17,2020-03-23,-0.18569442552910964,-0.15569442552910961,-0.16244413545944902,-0.13244413545944905,-0.1407805735930736,-0.11078057359307354,2020Q1
hk_hsi,crash,2021-02-17,2021-05-13,0.004712147342382273,0.03471214734238227,-0.004152260934835186,0.025847739065164823,0.016957266227605426,0.046957266227605404,2021Q1
hk_hsi,crash,2021-10-20,2021-12-20,0.05509737133421876,0.08509737133421878,0.05217367227471839,0.08217367227471838,0.044514291317460646,0.07451429131746061,2021Q4
hk_hsi,crash,2022-06-28,2022-09-22,0.06014450963278063,0.0901445096327806,0.04778856087094315,0.07778856087094317,0.11821541928709867,0.14821541928709875,2022Q2
hk_hsi,crash,2023-01-27,2023-03-20,0.0846731334121867,0.1146731334121867,0.07996117344296781,0.10996117344296781,0.09519259275756593,0.12519259275756592,2023Q1
hk_hsi,crash,2023-07-31,2023-10-24,0.02049712666702541,0.05049712666702543,0.021204218836313887,0.051204218836313854,-0.001420308040850406,0.02857969195914957,2023Q3
hk_hsi,crash,2024-10-07,2024-11-25,-0.031297622729801924,-0.0012976227298019949,-0.03623337705801524,-0.00623337705801523,-0.1373028800127646,-0.10730288001276464,2024Q4
hk_hsi,placebo,2015-07-27,2015-07-27,0.07522219279947133,,0.0682469436378565,,0.06799806648420148,,2015Q3
hk_hsi,placebo,2016-02-18,2016-02-18,-0.01253534748736429,,0.00132072857288347,,0.021137227070557284,,2016Q1
in_nifty50,crash,2008-08-11,2008-10-27,-0.09723641109070003,-0.06723641109070001,-0.07291838184199108,-0.04291838184199104,-0.09350034586570087,-0.06350034586570086,2008Q3
in_nifty50,crash,2009-02-13,2009-03-09,0.037052131504218294,0.0670521315042183,0.020856813821984607,0.050856813821984634,-0.025729374791874794,0.004270625208125212,2009Q1
in_nifty50,crash,2009-10-16,2009-11-03,0.04620546065999602,0.07620546065999603,0.05359224743224469,0.08359224743224467,0.012476966630930043,0.042476966630930035,2009Q4
in_nifty50,crash,2011-01-03,2011-02-10,-0.01171120153965883,0.018288798460341173,0.005667962171052661,0.03566796217105264,-0.004892375641214641,0.02510762435878536,2011Q1
in_nifty50,crash,2011-07-07,2011-08-26,-0.05105677385546344,-0.02105677385546344,-0.03752774395009587,-0.007527743950095876,-0.005884587869004583,0.024115412130995457,2011Q3
in_nifty50,crash,2013-07-23,2013-08-28,-0.021436422972562146,0.00856357702743788,0.005820865561584709,0.03582086556158469,-0.04746472245991054,-0.017464722459910542,2013Q3
in_nifty50,crash,2015-07-22,2015-09-07,-0.008573205178779247,0.021426794821220757,-0.01316732436930459,0.01683267563069544,0.004567492189306415,0.03456749218930642,2015Q3
in_nifty50,crash,2018-08-28,2018-10-26,-0.0013969736050837706,0.028603026394916242,0.0028347745579736746,0.03283477455797367,-0.057385731801054364,-0.027385731801054383,2018Q3
in_nifty50,crash,2020-04-30,2020-05-18,-0.015207829746352687,0.014792170253647319,-0.037543470945480543,-0.007543470945480524,0.018417209260264054,0.048417209260264105,2020Q2
in_nifty50,crash,2022-01-17,2022-03-07,-0.04101968246555671,-0.011019682465556707,-0.04289992509370425,-0.01289992509370425,-0.06489028352238378,-0.03489028352238382,2022Q1
in_nifty50,placebo,2024-06-11,2024-06-11,0.09233688837036962,,0.07363008085345642,,0.058577846364801345,,2024Q2
in_nifty50,placebo,2025-04-17,2025-04-17,0.002156720817685626,,0.010453540610768563,,-0.021930832516072824,,2025Q2
it_ftsemib,crash,2000-09-07,2000-10-12,,,,,,,2000Q3
it_ftsemib,crash,2001-08-07,2001-09-21,-0.026398719110986235,0.00360128088901375,-0.01689458243551327,0.013105417564486757,0.023701374325137903,0.0537013743251379,2001Q3
it_ftsemib,crash,2002-08-27,2002-10-09,-0.07601129000620094,-0.04601129000620093,-0.0428826524827986,-0.012882652482798565,-0.05024475160379416,-0.02024475160379415,2002Q3
it_ftsemib,crash,2003-02-18,2003-03-12,0.016886101334480548,0.04688610133448055,0.009312279976322307,0.039312279976322265,0.028796593198682954,0.05879659319868298,2003Q1
it_ftsemib,crash,2006-05-09,2006-06-14,0.07858025251068547,0.10858025251068548,0.06743237822656238,0.09743237822656241,0.060133239365245374,0.09013323936524537,2006Q2
it_ftsemib,crash,2007-12-10,2008-03-10,-0.09311235912362681,-0.06311235912362682,-0.07088528789922445,-0.040885287899224444,-0.09298878594305421,-0.06298878594305421,2007Q4
it_ftsemib,crash,2008-08-11,2008-10-28,-0.10338138952254394,-0.07338138952254396,-0.08487914292150728,-0.05487914292150731,0.019379245766427487,0.04937924576642749,2008Q3
it_ftsemib,crash,2009-06-11,2009-07-10,0.32151526167548494,0.35151526167548497,0.2722503376614051,0.3022503376614051,0.2813782136155681,0.3113782136155681,2009Q2
it_ftsemib,crash,2010-01-08,2010-02-05,0.03130348759487155,0.06130348759487153,0.023212992607216914,0.05321299260721694,0.005220303327446181,0.0352203033274462,2010Q1
it_ftsemib,crash,2010-10-21,2010-11-30,-0.07055986314734958,-0.040559863147349585,-0.0670644047682042,-0.037064404768204176,-0.04038689131019631,-0.010386891310196322,2010Q4
it_ftsemib,crash,2011-04-29,2011-07-18,-0.11728373199772313,-0.08728373199772313,-0.1000867216790805,-0.0700867216790805,-0.2134899882447967,-0.1834899882447967,2011Q2
it_ftsemib,crash,2011-10-27,2011-11-23,-0.06080399044482918,-0.03080399044482925,-0.043689414764145784,-0.013689414764145702,-0.14251850788184,-0.11251850788183998,2011Q4
it_ftsemib,crash,2012-07-03,2012-07-24,0.0325996227323869,0.06259962273238688,0.0415870593380312,0.0715870593380312,0.04619037746082499,0.07619037746082499,2012Q3
it_ftsemib,crash,2013-01-28,2013-04-04,-0.022547648298528084,0.007452351701471932,-0.01833247968057246,0.011667520319427443,-0.04749924630681209,-0.017499246306812117,2013Q1
it_ftsemib,crash,2014-09-04,2014-10-16,-0.05065948239582625,-0.020659482395826302,-0.04054596684223558,-0.010545966842235554,-0.0553220931561892,-0.02532209315618923,2014Q3
it_ftsemib,crash,2015-05-27,2015-07-07,0.002182025805798534,0.0321820258057986,0.001234420109589185,0.0312344201095892,-0.009090979990813352,0.020909020009186638,2015Q2
it_ftsemib,crash,2015-11-30,2016-02-11,-0.08583210451446653,-0.055832104514466484,-0.07438951637703206,-0.044389516377032,-0.038579733697479655,-0.008579733697479627,2015Q4
it_ftsemib,crash,2018-05-07,2018-05-29,-0.06463155085083906,-0.03463155085083912,-0.04066636826157801,-0.010666368261577972,-0.06370645464744097,-0.03370645464744094,2018Q2
it_ftsemib,crash,2020-02-19,2020-03-12,-0.1543958515005517,-0.12439585150055171,-0.1118827447048683,-0.08188274470486828,-0.1568735796000272,-0.12687357960002715,2020Q1
it_ftsemib,crash,2022-05-30,2022-07-14,0.00831347182278879,0.03831347182278876,0.01085004689078615,0.0408500468907862,0.00960432904893361,0.039604329048933594,2022Q2
it_ftsemib,crash,2024-07-23,2024-08-06,-0.08563892012204963,-0.05563892012204965,-0.024949675041184248,0.005050324958815772,-0.07278867163915773,-0.04278867163915771,2024Q3
it_ftsemib,crash,2025-03-19,2025-04-09,-0.008403767523744157,0.021596232476255816,-0.0338551364924727,-0.0038551364924727105,-0.0510916758007551,-0.021091675800755067,2025Q1
jp_largecap,crash,2000-12-13,2001-03-13,0.06442889690150051,0.09442889690150051,0.05271945518956645,0.0827194551895665,0.12584416937611662,0.15584416937611664,2000Q4
jp_largecap,crash,2002-01-07,2002-02-06,0.08982770054990903,0.11982770054990904,0.07720012409319163,0.10720012409319157,0.060255742277308365,0.0902557422773083,2002Q1
jp_largecap,crash,2002-08-26,2002-11-14,0.022987979649105292,0.052987979649105316,0.015916760225208326,0.045916760225208346,-0.03435068585992044,-0.00435068585992041,2002Q3
jp_largecap,crash,2003-10-20,2003-11-19,0.0709961978220353,0.10099619782203527,0.06324160356784404,0.09324160356784401,0.08761987923491604,0.11761987923491601,2003Q4
jp_largecap,crash,2004-04-26,2004-05-17,0.08523716389284858,0.11523716389284858,0.07403979996417026,0.1040397999641703,0.160834126984127,0.190834126984127,2004Q2
jp_largecap,crash,2006-04-07,2006-06-13,0.11204775887517204,0.14204775887517204,0.10055860890496837,0.1305586089049684,0.00908944904997538,0.03908944904997535,2006Q2
jp_largecap,crash,2007-07-09,2007-08-17,-0.1068251833986255,-0.0768251833986255,-0.08754291606363214,-0.05754291606363215,0.023635877115073672,0.05363587711507368,2007Q3
jp_largecap,crash,2008-02-27,2008-03-17,-0.04007254442777969,-0.01007254442777969,-0.0348235287260347,-0.004823528726034716,-0.0081814190829644,0.02181858091703558,2008Q1
jp_largecap,crash,2009-01-07,2009-03-10,0.02382086649556599,0.053820866495565944,0.023013933597010667,0.0530139335970107,-0.0027111281262134587,0.027288871873786535,2009Q1
jp_largecap,crash,2009-10-26,2009-11-27,0.140496968606093,0.17049696860609304,0.10828036599063968,0.1382803659906397,0.1691263529541937,0.19912635295419362,2009Q4
jp_largecap,crash,2010-06-21,2010-08-31,0.007033367089893628,0.037033367089893666,0.008714519379740238,0.03871451937974031,0.012002029583763351,0.042002029583763326,2010Q2
jp_largecap,crash,2011-02-21,2011-03-15,-0.04529838326778771,-0.015298383267787688,-0.02014596123930501,0.009854038760695016,0.023163110900399003,0.05316311090039907,2011Q1
jp_largecap,crash,2012-03-27,2012-06-04,-0.025824375144774925,0.004175624855225074,-0.023199641899802403,0.006800358100197634,-0.024098084585499783,0.005901915414500196,2012Q1
jp_largecap,crash,2013-05-22,2013-06-13,0.08340586083362334,0.11340586083362329,0.07117707985455297,0.10117707985455306,0.13486863981429204,0.16486863981429203,2013Q2
jp_largecap,crash,2013-12-30,2014-02-04,0.04102918506296064,0.07102918506296071,0.03782644091946205,0.06782644091946204,-0.002634299622370014,0.027365700377629993,2013Q4
jp_largecap,crash,2014-09-25,2014-10-17,-0.10517617905765154,-0.07517617905765155,-0.09321718657187211,-0.06321718657187214,-0.12388647527708417,-0.09388647527708417,2014Q3
jp_largecap,crash,2015-12-01,2016-02-12,-0.018032550824966753,0.011967449175033276,-0.011706017134872904,0.018293982865127113,-0.09900115019673365,-0.0690011501967336,2015Q4
jp_largecap,crash,2018-01-23,2018-03-23,-0.052620902295412275,-0.022620902295412252,-0.04375467819763429,-0.01375467819763431,-0.11598459653202199,-0.08598459653202205,2018Q1
jp_largecap,crash,2018-10-02,2018-12-25,0.034691959645392005,0.06469195964539201,0.04523605833096285,0.07523605833096284,-0.004723718453870825,0.025276281546129216,2018Q4
jp_largecap,crash,2020-01-20,2020-03-19,-0.07273085446115153,-0.04273085446115151,-0.05459294070907373,-0.024592940709073686,-0.021553353579524665,0.008446646420475384,2020Q1
jp_largecap,crash,2021-09-14,2021-10-06,-0.020236438519788763,0.00976356148021131,-0.018581815752476676,0.011418184247523342,-0.017755858717785955,0.012244141282214035,2021Q3
jp_largecap,crash,2022-08-17,2022-09-30,0.07634966607993882,0.10634966607993884,0.0743282042021104,0.10432820420211042,0.09686101724861418,0.12686101724861418,2022Q3
jp_largecap,crash,2024-07-11,2024-08-05,-0.011301209413963453,0.018698790586036462,-0.003200365766689861,0.026799634233310166,-0.03630121030121025,-0.006301210301210253,2024Q3
kr_kospi200,crash,2000-07-10,2000-09-22,0.0019638811139060103,0.031963881113905995,0.006906632662011553,0.03690663266201156,0.004515380689980905,0.034515380689980966,2000Q3
kr_kospi200,crash,2001-01-22,2001-04-10,0.03731173828057284,0.06731173828057282,0.026847332939363665,0.05684733293936366,-0.007524330824415321,0.02247566917558466,2001Q1
kr_kospi200,crash,2001-08-17,2001-09-17,0.03734428943995458,0.06734428943995459,0.03291320323564493,0.06291320323564493,0.03730827830338608,0.06730827830338605,2001Q3
kr_kospi200,crash,2002-04-18,2002-06-26,0.10297378772748585,0.13297378772748583,0.0973513940099,0.12735139400989998,0.15239148118613877,0.18239148118613877,2002Q2
kr_kospi200,crash,2002-12-03,2003-02-14,-0.0464486157351916,-0.016448615735191654,-0.047838493470393616,-0.01783849347039361,-0.12662342429013673,-0.0966234242901367,2002Q4
kr_kospi200,crash,2004-04-23,2004-05-17,0.04065384317605633,0.07065384317605636,0.026970775856703332,0.056970775856703335,0.050220494417862846,0.08022049441786284,2004Q2
kr_kospi200,crash,2006-05-11,2006-06-13,0.038328907724172634,0.06832890772417262,0.03931726531071655,0.06931726531071654,0.0022873075998075926,0.03228730759980762,2006Q2
kr_kospi200,crash,2007-07-25,2007-08-17,-0.02298253976213334,0.007017460237866667,-0.019079206256177046,0.01092079374382298,-0.004102517106549356,0.025897482893450667,2007Q3
kr_kospi200,crash,2008-05-16,2008-07-16,0.0008653258090973864,0.03086532580909737,0.015436106914317549,0.04543610691431752,-0.010687954563319516,0.019312045436680487,2008Q2
kr_kospi200,crash,2009-01-07,2009-03-02,0.008763142060658605,0.03876314206065859,0.004005330492679579,0.0340053304926796,0.0346808847663606,0.0646808847663606,2009Q1
kr_kospi200,crash,2010-04-26,2010-05-25,-0.014848758080753649,0.015151241919246375,-0.018192774495453447,0.011807225504546548,-0.022214399070346558,0.0077856009296534455,2010Q2
kr_kospi200,crash,2011-07-07,2011-09-26,0.004549113279636493,0.03454911327963649,0.02735951250556501,0.057359512505564966,-0.047966125833882635,-0.01796612583388262,2011Q3
kr_kospi200,crash,2012-04-03,2012-05-18,0.015830223001467476,0.04583022300146747,0.021221010511365677,0.05122101051136566,0.06107653174501329,0.09107653174501329,2012Q2
kr_kospi200,crash,2013-05-29,2013-06-25,0.02826226952604502,0.05826226952604502,0.014002555833828922,0.04400255583382893,-0.001023657883533866,0.028976342116466134,2013Q2
kr_kospi200,crash,2018-09-27,2018-10-29,0.023359121223768046,0.05335912122376805,0.01949410265344536,0.049494102653445386,0.07784517092036322,0.1078451709203632,2018Q3
kr_kospi200,crash,2019-04-16,2019-05-29,0.04502186270870931,0.07502186270870934,0.05370078832040668,0.08370078832040669,0.06919185342810887,0.09919185342810886,2019Q2
kr_kospi200,crash,2020-01-22,2020-03-19,-0.11367462706981006,-0.08367462706981006,-0.09524484341520298,-0.06524484341520301,-0.05515219003467577,-0.025152190034675802,2020Q1
kr_kospi200,crash,2022-08-16,2022-09-30,-0.012923832595383858,0.017076167404616104,-0.02246936918272474,0.007530630817275258,0.019050484597517757,0.04905048459751776,2022Q3
kr_kospi200,crash,2023-09-15,2023-10-31,-0.07507207164845194,-0.04507207164845197,-0.06663317241922545,-0.03663317241922545,-0.1062789676555455,-0.0762789676555455,2023Q3
kr_kospi200,crash,2024-07-11,2024-08-05,0.009874551738422286,0.03987455173842228,0.008924565022194936,0.038924565022194914,0.031721792332296654,0.061721792332296625,2024Q3
kr_kospi200,crash,2025-03-26,2025-04-09,-0.05247639803930676,-0.022476398039306775,-0.04771188398804588,-0.01771188398804591,-0.04441863283775049,-0.014418632837750467,2025Q1
kr_kospi200,placebo,2021-02-01,2021-02-01,0.04828041288342131,,0.043394869601608634,,0.036839187531224525,,2021Q1
nl_aex,crash,2002-08-22,2002-10-09,,,,,,,2002Q3
nl_aex,crash,2003-09-08,2003-09-30,,,,,,,2003Q3
nl_aex,crash,2006-04-21,2006-06-13,,,,,,,2006Q2
nl_aex,crash,2007-07-16,2007-08-16,,,,,,,2007Q3
nl_aex,crash,2008-02-26,2008-03-17,,,,,,,2008Q1
nl_aex,crash,2009-01-06,2009-03-09,-0.00418128190806869,0.025818718091931293,-0.0015926205446246899,0.028407379455375314,0.01070833333333332,0.04070833333333331,2009Q1
nl_aex,crash,2010-04-26,2010-05-25,0.11209157444939812,0.1420915744493981,0.0939134697370062,0.1239134697370063,0.0375057751536193,0.06750577515361929,2010Q2
nl_aex,crash,2011-07-07,2011-09-22,-0.027512506575374934,0.00248749342462512,-0.016306988888332114,0.013693011111667893,-0.08698988941517398,-0.05698988941517406,2011Q3
nl_aex,crash,2012-03-16,2012-06-04,-0.014272233694462585,0.015727766305537395,-0.0015619163040350899,0.028438083695964966,0.017233326410625093,0.04723332641062517,2012Q1
nl_aex,crash,2013-05-22,2013-06-24,0.048628587667861954,0.07862858766786195,0.04132173023818186,0.07132173023818188,0.00629071970202183,0.036290719702021836,2013Q2
nl_aex,crash,2014-09-19,2014-10-16,-0.09540934962134534,-0.06540934962134536,-0.08847550155942811,-0.058475501559428156,-0.10019188596491231,-0.07019188596491233,2014Q3
nl_aex,crash,2015-08-05,2015-09-24,-0.01149099762550603,0.018509002374494005,-0.016024202934313076,0.013975797065686912,-0.014626980271588133,0.015373019728411883,2015Q3
nl_aex,crash,2018-11-13,2018-12-27,0.023659091753925124,0.053659091753925164,0.0319366351186812,0.061936635118681194,0.024857781523566814,0.054857781523566816,2018Q4
nl_aex,crash,2020-02-14,2020-03-18,-0.1565180623634264,-0.1265180623634264,-0.11321430416251485,-0.08321430416251485,-0.10615646691676711,-0.07615646691676706,2020Q1
nl_aex,crash,2022-05-31,2022-06-17,0.02604554695983873,0.056045546959838675,0.0164460597130621,0.04644605971306216,0.005378259443025285,0.035378259443025264,2022Q2
nl_aex,placebo,2001-04-10,2001-04-10,,,,,,,2001Q2
nl_aex,placebo,2025-05-02,2025-05-02,-0.03104744466987877,,-0.0035546322258292185,,-0.07563179897357233,,2025Q2
se_omx30,crash,2010-04-26,2010-05-25,0.050857303953832186,0.08085730395383221,0.04356886413751426,0.0735688641375143,-0.05021493294519602,-0.02021493294519605,2010Q2
se_omx30,crash,2011-05-11,2011-08-08,-0.007832744127409585,0.02216725587259043,0.002508447935235791,0.032508447935235815,0.015350957600957615,0.04535095760095761,2011Q2
se_omx30,crash,2012-03-16,2012-06-04,0.06742382786838678,0.09742382786838681,0.0451664038342559,0.07516640383425595,0.052207763890189524,0.08220776389018945,2012Q1
se_omx30,crash,2013-05-22,2013-06-24,-0.0007503003183856772,0.029249699681614304,-0.0004333100120100353,0.029566689987989937,0.03587925490866665,0.06587925490866668,2013Q2
se_omx30,crash,2014-09-19,2014-10-15,-0.06350396036555554,-0.03350396036555553,-0.054247188358882495,-0.024247188358882496,0.009779585091504575,0.039779585091504616,2014Q3
se_omx30,crash,2015-07-20,2015-09-24,-0.04586082770600052,-0.01586082770600054,-0.03598953277022044,-0.005989532770220389,-0.07145642671817778,-0.04145642671817778,2015Q3
se_omx30,crash,2018-09-27,2018-12-20,0.018042975787523025,0.04804297578752303,0.009476815954837237,0.0394768159548373,-0.048971613279074906,-0.01897161327907491,2018Q3
se_omx30,crash,2019-04-29,2019-05-31,-0.01596934007055431,0.014030659929445707,-0.007193143865655005,0.022806856134344983,-0.07767237392237392,-0.04767237392237391,2019Q2
se_omx30,crash,2020-02-19,2020-03-23,-0.09239139278396812,-0.062391392783968075,-0.07494944557550344,-0.04494944557550341,-0.06614726839598928,-0.03614726839598927,2020Q1
se_omx30,crash,2022-06-02,2022-06-23,0.07252703336791597,0.10252703336791602,0.06653334984549474,0.09653334984549473,0.08660318516760727,0.1166031851676073,2022Q2
se_omx30,crash,2025-02-26,2025-04-09,-0.008341257931661466,0.021658742068338517,-0.021127454161895987,0.008872545838103985,0.016319433758320345,0.04631943375832039,2025Q1
se_omx30,placebo,2021-05-14,2021-05-14,0.019260310666577195,,0.006506881888805771,,0.06683701344202313,,2021Q2
sg_sti,crash,2000-08-22,2000-10-17,,,,,,,2000Q3
sg_sti,crash,2002-08-22,2002-09-25,-0.007558288409109548,0.022441711590890447,0.008136354679127359,0.038136354679127356,0.060892243269405115,0.09089224326940513,2002Q3
sg_sti,crash,2004-04-08,2004-05-17,-0.038090433892301996,-0.008090433892302011,-0.0012213163343368708,0.028778683665663107,-0.036488771645021664,-0.006488771645021638,2004Q2
sg_sti,crash,2006-05-03,2006-06-14,-0.029184157677523772,0.0008158423224762142,-0.007086420736995701,0.022913579263004285,-0.005404566334897882,0.0245954336651021,2006Q2
sg_sti,crash,2007-07-24,2007-08-17,0.01636936667295098,0.046369366672950996,0.01639147001149895,0.04639147001149894,0.030792325924998563,0.06079232592499861,2007Q3
sg_sti,crash,2009-01-05,2009-03-09,-0.013009505613511704,0.016990494386488256,-0.010799140903500898,0.01920085909649909,0.01709535352917707,0.04709535352917704,2009Q1
sg_sti,crash,2010-04-14,2010-05-25,0.060899064370568495,0.09089906437056854,0.04368237129600084,0.0736823712960008,0.006894799994610591,0.036894799994610615,2010Q2
sg_sti,crash,2011-08-01,2011-10-05,-0.06253662108118159,-0.03253662108118157,-0.03983481443642445,-0.009834814436424458,-0.030548713168198436,-0.0005487131681984336,2011Q3
sg_sti,crash,2013-05-22,2013-06-24,0.028448846040717814,0.05844884604071781,0.02024533563215118,0.05024533563215119,0.06015550278213675,0.09015550278213678,2013Q2
sg_sti,crash,2015-07-20,2015-09-29,-0.034003984104782996,-0.004003984104783008,-0.011228329029333572,0.018771670970666416,0.00814455454161337,0.038144554541613376,2015Q3
sg_sti,crash,2025-03-27,2025-04-09,0.06298405882886196,0.09298405882886192,0.027069568412814674,0.05706956841281473,0.06396089153867413,0.09396089153867415,2025Q1
sg_sti,placebo,2018-11-08,2018-11-08,-0.010886208809805537,,0.005847620890294336,,-0.040964108686172604,,2018Q4
sg_sti,placebo,2020-04-07,2020-04-07,-0.12406814795992002,,-0.10055620571987488,,-0.07844319198737798,,2020Q2
sg_sti,placebo,2020-11-10,2020-11-10,0.0010054116768016402,,0.021395497868616054,,-0.03289067795001669,,2020Q4
sg_sti,placebo,2022-03-21,2022-03-21,-0.01809740507206032,,-0.01698663524985311,,0.017122241982155798,,2022Q1
uk_ftse100,crash,2001-08-02,2001-09-21,0.05425291249106481,0.08425291249106483,0.04236488398394089,0.07236488398394092,0.07234021162072941,0.10234021162072944,2001Q3
uk_ftse100,crash,2002-08-27,2002-09-24,-0.02586605085032863,0.00413394914967138,-0.012632828889251643,0.01736717111074833,-0.08473729792792935,-0.05473729792792936,2002Q3
uk_ftse100,crash,2007-12-10,2008-01-21,-0.10672807794717694,-0.07672807794717691,-0.0863361959233111,-0.05633619592331112,-0.11955499467755404,-0.08955499467755408,2007Q4
uk_ftse100,crash,2008-08-29,2008-11-21,-0.09184900460991458,-0.061849004609914576,-0.09445698616982785,-0.06445698616982784,-0.10403063538746778,-0.0740306353874678,2008Q3
uk_ftse100,crash,2010-04-15,2010-07-01,0.03953254319039572,0.06953254319039569,0.0321635063862579,0.0621635063862579,0.0005077524478667069,0.030507752447866715,2010Q2
uk_ftse100,crash,2011-07-07,2011-08-10,0.027357475465868326,0.05735747546586828,0.029811436701864535,0.0598114367018646,0.040258765258765296,0.07025876525876533,2011Q3
uk_ftse100,crash,2013-05-22,2013-06-24,0.010017041496949647,0.04001704149694965,0.010005094626154315,0.0400050946261543,0.04108146055295863,0.07108146055295865,2013Q2
uk_ftse100,crash,2020-01-17,2020-03-23,-0.10974195878080935,-0.07974195878080935,-0.08610540784826871,-0.05610540784826873,-0.01779766600980206,0.012202333990197968,2020Q1
uk_ftse100,crash,2025-03-03,2025-04-09,,,,,,,2025Q1
uk_ftse100,placebo,2006-06-09,2006-06-09,0.04628222712480666,,0.042947114133836936,,0.08113708800302644,,2006Q2
uk_ftse100,placebo,2015-01-08,2015-01-08,-0.02161220601365838,,-0.01739337854857473,,-0.014606814071298694,,2015Q1
uk_ftse100,placebo,2015-09-16,2015-09-16,-0.07480237284282665,,-0.06638561437413029,,0.013374545774388666,,2015Q3
uk_ftse100,placebo,2016-07-06,2016-07-06,-0.007466838904973967,,0.0049243959231324574,,0.047988844905557944,,2016Q3
uk_ftse100,placebo,2019-01-04,2019-01-04,0.024334112291553644,,0.019948076936176208,,0.041214997099674536,,2019Q1
uk_ftse100,placebo,2022-03-23,2022-03-23,0.01354869080322817,,0.0226916106899606,,0.05167595845015201,,2022Q1
uk_ftse100,placebo,2023-04-06,2023-04-06,-0.00827415707855772,,-0.0392471214962117,,-0.09636941960136443,,2023Q2
uk_ftse250,crash,2000-09-04,2000-10-18,0.06405752426887545,0.09405752426887548,0.061356146565039814,0.09135614656503985,0.047740046253611154,0.07774004625361117,2000Q3
uk_ftse250,crash,2002-08-27,2002-10-10,-0.023447986216235412,0.006552013783764593,-0.006961439883469815,0.023038560116530205,-0.02283290178962791,0.007167098210372089,2002Q3
uk_ftse250,crash,2006-05-09,2006-06-13,0.0018243074198506654,0.03182430741985067,0.014020858720384409,0.04402085872038437,0.07241916730377168,0.10241916730377162,2006Q2
uk_ftse250,crash,2007-10-31,2008-01-21,-0.07405746419402091,-0.04405746419402091,-0.07203594649692367,-0.04203594649692371,-0.07841929740973591,-0.04841929740973592,2007Q4
uk_ftse250,crash,2008-05-19,2008-07-15,-0.07192822497756156,-0.041928224977561566,-0.073491186731255,-0.043491186731255016,-0.057882537809879765,-0.02788253780987976,2008Q2
uk_ftse250,crash,2009-01-06,2009-03-09,0.012122770653434109,0.042122770653434116,0.015958967535594587,0.04595896753559459,0.004853760414422171,0.03485376041442217,2009Q1
uk_ftse250,crash,2010-04-26,2010-07-01,0.03192826306263337,0.061928263062633326,0.030857548721147335,0.06085754872114733,0.007384173084170435,0.037384173084170406,2010Q2
uk_ftse250,crash,2011-07-07,2011-08-19,-0.026781571439846868,0.0032184285601531324,-0.008299662822796696,0.02170033717720332,0.0023145554518103537,0.032314555451810355,2011Q3
uk_ftse250,crash,2013-05-22,2013-06-24,0.007213309454851456,0.03721330945485146,0.0028220335371919036,0.032822033537191896,0.00033159396884885453,0.030331593968848866,2013Q2
uk_ftse250,crash,2015-12-29,2016-02-11,-0.0624558016533881,-0.032455801653388135,-0.06540414065900418,-0.03540414065900416,-0.07942846318701315,-0.04942846318701313,2015Q4
uk_ftse250,crash,2016-06-23,2016-06-27,-0.0374638168247485,-0.007463816824748513,-0.041521792273945,-0.011521792273945028,-0.143196423782707,-0.11319642378270699,2016Q2
uk_ftse250,crash,2020-02-20,2020-03-19,-0.09482622184963643,-0.06482622184963639,-0.08871119845764847,-0.05871119845764848,-0.06820685707099189,-0.038206857070991876,2020Q1
uk_ftse250,crash,2022-01-04,2022-03-07,-0.04109275290899709,-0.011092752908997064,-0.03496811381205413,-0.004968113812054115,0.03602070752818039,0.06602070752818036,2022Q1
uk_ftse250,crash,2022-08-15,2022-10-12,0.016733378636234846,0.046733378636234835,0.017446145113182446,0.047446145113182424,0.011328158866599,0.041328158866599,2022Q3
uk_ftse250,crash,2023-09-14,2023-10-26,0.024288050380964377,0.05428805038096437,0.014806819527400816,0.044806819527400794,-0.018841047923967413,0.011158952076032591,2023Q3
uk_ftse250,placebo,2018-11-02,2018-11-02,-0.025884072131118124,,-0.020113996787730265,,-0.03190975522066964,,2018Q4
uk_ftse250,placebo,2025-04-29,2025-04-29,0.01694734079683649,,0.02563468951861376,,-0.006673192301698622,,2025Q2
us_sp400_mid,crash,2000-12-11,2000-12-20,0.06412865426968727,0.09412865426968726,0.06136721874016693,0.0913672187401669,0.05504172693891177,0.08504172693891177,2000Q4
us_sp400_mid,crash,2002-08-22,2002-10-09,0.021932803469425204,0.05193280346942523,0.025473357370855574,0.05547335737085555,-0.008428900075374996,0.021571099924625036,2002Q3
us_sp400_mid,crash,2006-05-08,2006-07-21,0.049650823754818524,0.07965082375481854,0.046614708861358906,0.07661470886135892,0.02709397434350444,0.05709397434350441,2006Q2
us_sp400_mid,crash,2007-07-13,2007-08-15,-0.0698786198559828,-0.03987861985598282,-0.0587203099939915,-0.028720309993991538,-0.07617949459532641,-0.04617949459532642,2007Q3
us_sp400_mid,crash,2008-06-05,2008-07-15,-0.018236257346845343,0.011763742653154696,-0.006507564429800194,0.0234924355701998,-0.04247797744890773,-0.012477977448907718,2008Q2
us_sp400_mid,crash,2009-01-06,2009-03-09,0.011860320936818223,0.041860320936818234,0.010743091443564834,0.0407430914435648,0.01590102707749765,0.04590102707749768,2009Q1
us_sp400_mid,crash,2010-04-23,2010-07-06,0.08433578658190749,0.1143357865819075,0.08276614827404977,0.11276614827404975,0.0691080616782526,0.09910806167825263,2010Q2
us_sp400_mid,crash,2011-07-07,2011-08-08,0.004288323252595649,0.0342883232525957,0.00221736021715091,0.03221736021715096,-0.008882651626959078,0.021117348373040967,2011Q3
us_sp400_mid,crash,2014-09-02,2014-10-13,-0.025504638742476955,0.0044953612575230435,-0.021711992034303327,0.008288007965696694,-0.028204245723742877,0.0017957542762571759,2014Q3
us_sp400_mid,crash,2015-08-17,2015-08-25,-0.02610890240604896,0.003891097593951102,-0.017612870517991985,0.01238712948200795,0.014675642905813422,0.04467564290581345,2015Q3
us_sp400_mid,crash,2020-02-20,2020-03-23,-0.050763834399100205,-0.02076383439910016,-0.02891621319461642,0.0010837868053835502,0.0508978710698866,0.08089787106988662,2020Q1
us_sp400_mid,crash,2022-01-04,2022-03-07,0.012731192556940218,0.04273119255694019,0.007856898191944683,0.03785689819194473,-0.01660440870151971,0.013395591298480313,2022Q1
us_sp400_mid,crash,2022-08-16,2022-09-30,0.029024838410215942,0.059024838410215975,0.020928319822199993,0.05092831982219997,0.04035628716207024,0.07035628716207024,2022Q3
us_sp400_mid,placebo,2018-03-02,2018-03-02,-0.012656577003380878,,-0.0074411651738925805,,0.02586475407278673,,2018Q1
us_sp400_mid,placebo,2018-11-06,2018-11-06,-0.001243655658733837,,0.01347578307256836,,0.0186322329407518,,2018Q4
us_sp400_mid,placebo,2023-11-14,2023-11-14,0.007935352733418843,,0.012873042116769118,,-0.052081846503648756,,2023Q4
us_sp400_mid,placebo,2024-08-06,2024-08-06,-0.007289021855355205,,0.00776583707247473,,-0.027309387224280824,,2024Q3
us_sp400_mid,placebo,2025-04-24,2025-04-24,-0.013269722186134628,,-0.002835227579268259,,-0.009127625562051794,,2025Q2
us_sp500,crash,2001-01-30,2001-04-04,0.07849489660234239,0.10849489660234236,0.07120109737259668,0.10120109737259668,0.08731981556845236,0.11731981556845235,2001Q1
us_sp500,crash,2001-08-02,2001-09-21,0.05642882399080551,0.0864288239908055,0.058295622975239714,0.0882956229752397,0.08652935362146086,0.11652935362146088,2001Q3
us_sp500,crash,2002-08-22,2002-10-09,0.0452623029470069,0.07526230294700693,0.04814150728786085,0.0781415072878609,0.09160400917573797,0.12160400917573803,2002Q3
us_sp500,crash,2007-12-10,2008-03-07,-0.03374684948576282,-0.003746849485762843,-0.012894750128642893,0.017105249871357104,-0.040630882781617146,-0.010630882781617132,2007Q4
us_sp500,crash,2008-08-11,2008-10-27,0.008009813979265812,0.038009813979265894,0.005306563227845969,0.035306563227845984,0.05324956238085835,0.08324956238085833,2008Q3
us_sp500,crash,2010-04-23,2010-07-02,0.04993279361327855,0.07993279361327862,0.052171147219389535,0.08217114721938949,-0.001871948908597006,0.028128051091402994,2010Q2
us_sp500,crash,2011-07-07,2011-08-08,0.013220209047512829,0.0432202090475129,0.01076567929243997,0.04076567929243994,-0.03418070951784962,-0.004180709517849675,2011Q3
us_sp500,crash,2015-07-20,2015-08-25,-0.028097502044221713,0.001902497955778315,-0.018977202461526243,0.011022797538473761,-0.000312622955237557,0.02968737704476242,2015Q3
us_sp500,crash,2018-01-26,2018-02-08,-0.028916041839218757,0.0010839581607812315,-0.020289616522220593,0.009710383477779408,0.004048179714026018,0.03404817971402607,2018Q1
us_sp500,crash,2018-11-07,2018-12-24,0.06987701104541892,0.09987701104541895,0.06282291922291186,0.09282291922291187,0.13212865605500065,0.16212865605500068,2018Q4
us_sp500,crash,2020-02-19,2020-03-23,-0.0848527260278638,-0.05485272602786381,-0.07469125408137287,-0.04469125408137292,0.047027135840115,0.07702713584011506,2020Q1
us_sp500,crash,2022-03-29,2022-06-16,0.07245413141664593,0.10245413141664593,0.05909001557776208,0.08909001557776204,0.046823744661553084,0.07682374466155302,2022Q1
us_sp500,crash,2025-02-19,2025-04-08,0.004520346175271514,0.03452034617527153,0.016377459762434272,0.0463774597624343,-0.013069811076604564,0.016930188923395442,2025Q1
us_sp600_small,crash,2000-09-07,2000-11-30,0.04930724208139553,0.07930724208139553,0.05300753114727064,0.08300753114727065,0.0031189828995642718,0.03311898289956427,2000Q3
us_sp600_small,crash,2001-08-02,2001-09-21,0.0500126233422712,0.0800126233422712,0.04791625399679949,0.07791625399679948,0.05059576330532214,0.08059576330532213,2001Q3
us_sp600_small,crash,2002-05-15,2002-07-23,0.053132381563436616,0.08313238156343662,0.054122685563360036,0.08412268556336007,0.05590682222756208,0.08590682222756206,2002Q2
us_sp600_small,crash,2003-01-06,2003-03-12,0.025185360363159826,0.05518536036315983,0.02840310629972667,0.05840310629972666,0.09456211848140712,0.12456211848140712,2003Q1
us_sp600_small,crash,2004-06-30,2004-08-12,0.013027910040224138,0.04302791004022414,0.021650633585953788,0.05165063358595379,0.019804487830565255,0.04980448783056527,2004Q2
us_sp600_small,crash,2006-05-08,2006-07-21,0.04487677808912549,0.07487677808912549,0.04415989191135002,0.07415989191135001,-0.023876905421109224,0.006123094578890788,2006Q2
us_sp600_small,crash,2007-07-19,2007-08-15,-0.07320055610904282,-0.0432005561090428,-0.057336773037800125,-0.027336773037800112,-0.07675864443988385,-0.04675864443988384,2007Q3
us_sp600_small,crash,2008-06-05,2008-07-15,0.0023639935466685637,0.0323639935466686,-0.0003797628434767941,0.02962023715652321,-0.028023041200285793,0.001976958799714201,2008Q2
us_sp600_small,crash,2009-01-06,2009-03-09,0.012046482184591634,0.0420464821845916,0.00838460416519119,0.0383846041651912,-0.00591325244672769,0.024086747553272326,2009Q1
us_sp600_small,crash,2010-04-23,2010-07-06,0.06358853677848444,0.09358853677848449,0.06369592307808543,0.09369592307808543,0.08108248257548908,0.1110824825754891,2010Q2
us_sp600_small,crash,2011-07-07,2011-09-22,-0.010401733990466885,0.019598266009533155,-0.009616859990813367,0.02038314000918666,0.024519235830492397,0.05451923583049234,2011Q3
us_sp600_small,crash,2015-12-01,2016-02-11,-0.010302625280090358,0.019697374719909608,-0.0029841163370994176,0.027015883662900576,-0.02501386412853217,0.004986135871467845,2015Q4
us_sp600_small,crash,2018-08-31,2018-10-24,-0.002506517886768214,0.027493482113231816,0.003737068086232323,0.03373706808623232,-0.042242512847776005,-0.012242512847776018,2018Q3
us_sp600_small,crash,2019-05-06,2019-05-31,0.010567189049569659,0.040567189049569685,0.019209641267542113,0.0492096412675421,0.05230714403702016,0.0823071440370202,2019Q2
us_sp600_small,crash,2020-01-16,2020-03-23,-0.03926316060975441,-0.009263160609754425,-0.012917848314885905,0.017082151685114105,0.032541241613822325,0.0625412416138223,2020Q1
us_sp600_small,crash,2020-08-12,2020-09-23,-0.004077031827885769,0.025922968172114213,0.009007926729649183,0.03900792672964918,0.022572800973536266,0.05257280097353625,2020Q3
us_sp600_small,crash,2022-01-04,2022-01-27,-0.008283960731186072,0.021716039268813925,-0.015532443000935259,0.014467556999064777,0.0537371556007227,0.0837371556007227,2022Q1
us_sp600_small,crash,2022-08-16,2022-09-26,0.02200422559400535,0.05200422559400539,0.017727372031094174,0.04772737203109415,0.014685851490405896,0.044685851490405874,2022Q3
us_sp600_small,crash,2024-11-25,2025-02-24,-0.04595590891452386,-0.01595590891452385,-0.04045176976088086,-0.010451769760880844,-0.058684857759718274,-0.028684857759718255,2024Q4
us_sp600_small,placebo,2023-11-14,2023-11-14,0.0316101438676199,,0.029908561240413807,,0.06913429671644684,,2023Q4
world_indices,crash,2001-01-31,2001-04-04,0.0499275554107122,0.07992755541071223,0.04095362989246937,0.07095362989246934,-0.0009980337819824766,0.02900196621801752,2001Q1
world_indices,crash,2002-08-22,2002-10-09,0.037616937073592545,0.06761693707359254,0.036035955638596656,0.06603595563859664,0.018170635561957266,0.048170635561957276,2002Q3
world_indices,crash,2004-04-05,2004-05-17,0.027291783227035665,0.057291783227035674,0.01456265265770055,0.04456265265770054,0.05933563956690691,0.08933563956690689,2004Q2
world_indices,crash,2006-05-09,2006-06-13,-0.0021888568738918867,0.027811143126108127,-0.004884301848199246,0.025115698151800703,0.09496480107194391,0.12496480107194392,2006Q2
world_indices,crash,2007-07-23,2007-08-16,-0.08185673492694309,-0.05185673492694304,-0.05026564396442283,-0.02026564396442283,-0.10273463035672337,-0.0727346303567234,2007Q3
world_indices,crash,2008-02-27,2008-03-17,-0.07465998711039733,-0.044659987110397315,-0.0610628870374547,-0.0310628870374547,-0.05932181103210519,-0.029321811032105148,2008Q1
world_indices,crash,2009-01-06,2009-03-09,0.034330944143941874,0.06433094414394191,0.029375065789732036,0.05937506578973204,0.07872262159813652,0.1087226215981365,2009Q1
world_indices,crash,2010-04-15,2010-05-25,0.03404784116167039,0.06404784116167041,0.01808985053518845,0.04808985053518836,-0.029822707236806374,0.000177292763193689,2010Q2
world_indices,crash,2011-07-04,2011-09-23,0.032081595708083305,0.06208159570808332,0.04558036325073636,0.0755803632507363,-0.026915704478744487,0.003084295521255498,2011Q3
world_indices,crash,2013-05-20,2013-06-24,-0.009950318109081332,0.020049681890918696,-0.03780724473200255,-0.007807244732002523,0.050604226661211955,0.08060422666121198,2013Q2
world_indices,crash,2020-02-12,2020-03-23,-0.09142018865325716,-0.06142018865325721,-0.07875419725598073,-0.04875419725598079,-0.07165833317785786,-0.04165833317785786,2020Q1
world_indices,placebo,2015-01-08,2015-01-08,0.05678655245318928,,0.03385937030663708,,0.005350424535207204,,2015Q1
world_indices,placebo,2015-07-16,2015-07-16,0.050486941367387475,,0.05070254309558686,,0.08805066208301503,,2015Q3
world_indices,placebo,2016-02-15,2016-02-15,-0.002485631536234456,,0.0073515836682572335,,0.038596596951435594,,2016Q1
world_indices,placebo,2019-01-07,2019-01-07,-0.04751566586578635,,-0.028138199993798203,,-0.006385289343009938,,2019Q1
world_indices,placebo,2021-12-23,2021-12-23,-0.07401361474843017,,-0.04626993961745072,,0.0724950117728251,,2021Q4
world_indices,placebo,2022-07-07,2022-07-07,-0.08405655832564514,,-0.048447827115290575,,0.023505127724490454,,2022Q3
world_indices,placebo,2024-08-19,2024-08-19,-0.026089527029452348,,-0.018510091243768068,,-0.02964886318380942,,2024Q3
world_indices,placebo,2025-04-28,2025-04-28,0.00657772875855972,,-0.0019167014745763804,,-0.05485009686289219,,2025Q2
