market,onset,es_proximity,collapse_time,recovery_time,R_mean,n_stocks,year,is_2008
au_asx200,2007-07-24,-0.27555108056521904,6.021023349349527,4.477336814478207,0.29028281733789985,114,2007,True
au_asx200,2008-05-19,-0.050274109912939124,5.3230099791384085,5.68697535633982,0.363243677553657,120,2008,True
au_asx200,2009-01-07,1.034513537597805,3.7376696182833684,2.9444389791664403,0.35110674603565045,126,2009,True
au_asx200,2010-04-15,-0.28111426602587297,3.9889840465642745,3.9512437185814275,0.2982330129955807,127,2010,False
au_asx200,2011-07-08,-0.43190080501352845,4.007333185232471,4.7535901911063645,0.33470541587216257,132,2011,False
au_asx200,2012-05-02,0.09730834118419862,4.07753744390572,4.727387818712341,0.40756451236232183,138,2012,False
au_asx200,2013-05-14,1.3953112607918037,3.367295829986474,4.219507705176107,0.29881015377808984,142,2013,False
au_asx200,2015-07-21,-1.0398099980811844,3.1780538303479458,3.784189633918261,0.34503299033641976,146,2015,False
au_asx200,2020-02-20,-1.2867491903233643,3.091042453358316,5.099866427824199,0.32746648255009764,146,2020,False
br_b3,2002-08-29,-0.0623261809100466,5.69035945432406,3.1780538303479458,0.40373428406327927,25,2002,False
br_b3,2004-01-26,-0.10483471362742991,5.916202062607435,3.970291913552122,0.31320907075683607,27,2004,False
br_b3,2005-03-07,-0.7099402376763786,4.442651256490317,4.836281906951478,0.40162236712831867,27,2005,False
br_b3,2005-10-03,-0.9561693342756561,2.4849066497880004,2.8903717578961645,0.39572606707799574,28,2005,False
br_b3,2006-05-09,-0.3711584587534582,5.5254529391317835,4.672828834461906,0.4033484272933337,31,2006,False
br_b3,2007-02-22,0.1918198405663798,6.030685260261263,4.430816798843313,0.3915568591573257,33,2007,True
br_b3,2007-12-06,-0.1304071348278728,5.393627546352362,5.634789603169249,0.4381654592518066,33,2007,True
br_b3,2009-01-06,-0.0174031421909695,3.6109179126442243,3.1354942159291497,0.4760120466288811,44,2009,True
br_b3,2009-10-19,0.39604506615523327,6.100318952020064,2.833213344056216,0.4694565786092827,47,2009,True
br_b3,2011-01-12,-0.6168640007149282,4.955827057601261,4.941642422609304,0.3782992887926872,50,2011,False
br_b3,2011-09-01,-0.7263647704221925,3.091042453358316,4.110873864173311,0.388282862163751,52,2011,False
br_b3,2012-03-13,-0.6310454987259884,4.060443010546419,4.23410650459726,0.4218718768703758,53,2012,False
br_b3,2013-05-22,-1.2062025151296427,6.042632833682381,4.3694478524670215,0.3503129138801519,55,2013,False
br_b3,2014-09-02,-0.3242048935264723,5.840641657373398,5.049856007249537,0.4193733798705451,55,2014,False
br_b3,2015-11-24,0.3856933445436854,3.6888794541139363,3.258096538021482,0.42430402649868826,55,2015,False
br_b3,2016-10-31,-0.7758295599358465,3.5263605246161616,2.772588722239781,0.4600673454228377,55,2016,False
br_b3,2017-05-16,0.13656594899903585,1.3862943611198906,4.007333185232471,0.4474024774790663,55,2017,False
br_b3,2018-05-16,-0.17487039701666474,3.091042453358316,4.3694478524670215,0.4170311565105097,55,2018,False
br_b3,2020-01-23,0.3355956724708551,3.6888794541139363,5.556828061699537,0.45275791710923924,55,2020,False
br_b3,2021-10-15,0.695689387750738,5.8805329864007,4.955827057601261,0.491260267242345,55,2021,False
br_b3,2022-06-02,0.09366755691230111,5.308267697401205,5.236441962829949,0.5130457508124626,55,2022,False
br_b3,2026-04-14,3.8742229655352816,4.465908118654584,3.044522437723423,0.5084535311506808,55,2026,False
ca_tsx60,2002-08-22,-0.413176831226286,3.5263605246161616,3.828641396489095,0.3191917353779685,39,2002,False
ca_tsx60,2007-07-19,-0.8701109695344296,6.016157159698354,4.499809670330265,0.3749912849342738,45,2007,True
ca_tsx60,2008-06-18,-0.1937621349845866,5.19295685089021,5.327876168789581,0.4246522763898012,45,2008,True
ca_tsx60,2009-01-06,-0.3227324435570895,3.7612001156935624,3.4657359027997265,0.44264703189882487,47,2009,True
ca_tsx60,2011-07-22,-1.376492717778367,3.912023005428146,4.962844630259907,0.3859025657419891,51,2011,False
ca_tsx60,2014-09-03,0.3549801604865297,5.846438775057725,2.995732273553991,0.3678798186554206,52,2014,False
ca_tsx60,2020-02-20,-0.7653226100980066,3.091042453358316,5.204006687076795,0.3427462060365239,52,2020,False
ca_tsx60,2022-03-29,-1.6064414036894803,4.820281565605037,4.382026634673881,0.3783439290849777,52,2022,False
ch_smi,2002-05-16,-1.6645875387664975,5.365976015021851,5.655991810819852,0.4478062029263744,17,2002,False
ch_smi,2002-11-27,-1.2332817405522334,4.31748811353631,4.61512051684126,0.5159030854003469,17,2002,False
ch_smi,2006-05-09,0.12437651651923254,3.2188758248682006,4.2626798770413155,0.4731567713203886,17,2006,False
ch_smi,2007-10-11,-1.5214580404756914,5.869296913133774,4.983606621708336,0.5611766822086939,18,2007,True
ch_smi,2008-05-19,-0.18376054293225286,5.3230099791384085,5.68697535633982,0.6511057686206538,18,2008,True
ch_smi,2010-04-15,-1.6564544811922064,5.814130531825066,5.10594547390058,0.5265437137420927,18,2010,False
ch_smi,2011-02-18,0.9488364052073939,4.770684624465665,5.849324779946859,0.5719549877341431,18,2011,False
ch_smi,2013-05-22,-0.5540749851096063,3.1354942159291497,3.4965075614664802,0.5644795732546627,18,2013,False
ch_smi,2015-01-13,-0.27281844236908936,1.0986122886681098,3.6375861597263857,0.5665817646442081,18,2015,False
ch_smi,2015-08-05,0.8142025843259972,4.882801922586371,4.795790545596741,0.6267887939646148,18,2015,False
ch_smi,2018-12-03,-1.2576484568897883,2.70805020110221,3.2188758248682006,0.6284652449176417,18,2018,False
ch_smi,2020-02-19,1.1256486640319086,3.1354942159291497,5.056245805348308,0.5790162775183672,18,2020,False
ch_smi,2025-03-03,-0.5124755314049674,3.295836866004329,5.627621113690637,0.5189852461624432,18,2025,False
ch_smi,2026-02-27,1.6336180193267245,2.70805020110221,2.8903717578961645,0.45684018884124183,18,2026,False
crypto,2018-11-07,-0.3211974382472147,6.20455776256869,1.6094379124341003,0.7219967077753009,24,2018,False
crypto,2020-02-12,1.2294974851470828,3.4965075614664802,4.912654885736052,0.6367361649686956,29,2020,False
crypto,2021-05-08,-1.501683651724081,6.0063531596017325,4.543294782270004,0.6296633991271327,34,2021,False
crypto,2021-12-24,1.9040338831077168,5.918893854273146,4.852030263919617,0.7404233581120492,34,2021,False
crypto,2022-05-31,-0.6114848845356367,6.148468295917647,3.4657359027997265,0.7687224369465333,34,2022,False
crypto,2026-01-14,-1.4855763487411227,5.365976015021851,3.4657359027997265,0.7796569072741442,34,2026,False
de_dax,2002-03-19,1.0687544757733267,5.545177444479562,5.497168225293202,0.43668946117695834,29,2002,False
de_dax,2002-12-02,-0.19163655849048888,4.276666119016055,4.430816798843313,0.5227721660665465,30,2002,False
de_dax,2003-09-04,1.6188789408872335,2.8903717578961645,2.70805020110221,0.5453014817850691,30,2003,False
de_dax,2004-03-08,-0.7736980176826038,2.3978952727983707,2.70805020110221,0.4987311159398752,30,2004,False
de_dax,2006-05-09,-1.83602638069101,3.258096538021482,4.532599493153256,0.4675315261526242,31,2006,False
de_dax,2007-07-16,1.7989143531761478,6.042632833682381,4.3694478524670215,0.5083507704795237,31,2007,True
de_dax,2008-02-19,1.7869863913139277,5.5909869805108565,5.44673737166631,0.5458572039260127,32,2008,True
de_dax,2008-08-11,0.3661666972704305,4.990432586778736,5.6131281063880705,0.5366766378976932,32,2008,True
de_dax,2009-06-02,2.2694487250079867,3.332204510175204,1.6094379124341003,0.5586359016756799,32,2009,True
de_dax,2010-01-04,-1.1781728973435872,6.1092475827643655,1.3862943611198906,0.5414360384053264,33,2010,False
de_dax,2011-02-18,0.16872905529935878,5.075173815233827,5.4116460518550396,0.5343896389806337,34,2011,False
de_dax,2011-10-28,-0.06056790603728901,2.8903717578961645,3.6109179126442243,0.5983326301057756,34,2011,False
de_dax,2014-07-03,-1.3476124212582503,4.31748811353631,3.258096538021482,0.5015218869747605,34,2014,False
de_dax,2015-07-20,0.30588914556865543,4.983606621708336,5.5053315359323625,0.6777882991469623,34,2015,False
de_dax,2016-05-30,-1.2333874762154537,2.995732273553991,3.091042453358316,0.7063434573190817,34,2016,False
de_dax,2018-01-23,-0.9328566739587263,5.4638318050256105,5.384495062789089,0.48638077019557596,34,2018,False
de_dax,2020-02-19,1.5130962101394534,2.995732273553991,4.804021044733257,0.5152143164892694,34,2020,False
de_dax,2020-09-16,-0.24081934335160815,3.4657359027997265,1.9459101490553132,0.6165378894603192,34,2020,False
de_dax,2022-06-06,-1.2500692862889127,4.418840607796598,4.2626798770413155,0.5189184473125377,34,2022,False
de_dax,2025-03-06,-1.8784846091358116,3.1780538303479458,2.995732273553991,0.4458724376577111,34,2025,False
de_dax,2026-02-26,-1.48095530042139,2.772588722239781,4.532599493153256,0.4074981074136238,34,2026,False
es_ibex35,2002-08-27,-1.1199087778624828,2.995732273553991,3.828641396489095,0.48801433385398446,16,2002,False
es_ibex35,2006-05-09,0.36615711530205175,3.2188758248682006,3.4657359027997265,0.4815950218621443,20,2006,False
es_ibex35,2007-12-11,0.6782304428628865,5.7430031878094825,5.236441962829949,0.5477804728162858,22,2007,True
es_ibex35,2008-08-11,-1.1674230403475638,4.976733742420574,5.872117789475416,0.5632421079187432,24,2008,True
es_ibex35,2010-01-06,-0.7214070376176456,6.184148890937483,2.70805020110221,0.5611076759184146,26,2010,False
es_ibex35,2010-10-22,-0.5386306316322065,6.021023349349527,4.477336814478207,0.6355914863646773,26,2010,False
es_ibex35,2011-07-01,-1.8852219714639034,5.4638318050256105,5.575949103146316,0.5893256866426975,27,2011,False
es_ibex35,2012-07-03,-1.750019968910133,2.70805020110221,2.302585092994046,0.652160494797408,28,2012,False
es_ibex35,2013-03-14,-1.3134688092773,2.70805020110221,2.8903717578961645,0.5571663650317088,28,2013,False
es_ibex35,2014-09-05,2.133634072384874,5.902633333401366,4.897839799950911,0.539124211467422,28,2014,False
es_ibex35,2015-07-20,-0.377889317388306,4.983606621708336,5.62040086571715,0.6270935060857256,28,2015,False
es_ibex35,2018-01-23,0.5520766605566196,5.4680601411351315,4.248495242049359,0.4838158141850028,28,2018,False
es_ibex35,2020-02-19,-0.7440450693181093,2.995732273553991,5.755742213586912,0.42121570460238267,28,2020,False
es_ibex35,2021-06-14,0.954552719790728,5.8377304471659395,4.07753744390572,0.48578154812629615,28,2021,False
es_ibex35,2022-02-10,-0.0006567560451049559,5.147494476813453,4.1588830833596715,0.4589726879135523,28,2022,False
es_ibex35,2022-08-16,0.2443874655629239,3.713572066704308,4.07753744390572,0.5030474777901033,28,2022,False
es_ibex35,2025-03-25,0.1918332888680916,2.3978952727983707,2.995732273553991,0.4692049939552893,28,2025,False
eu_stoxx50,2010-01-08,-1.657246329718486,6.0867747269123065,2.4849066497880004,0.6032205200060047,45,2010,False
eu_stoxx50,2011-02-18,1.4898686793235578,5.0238805208462765,5.529429087511423,0.6011360784082935,45,2011,False
eu_stoxx50,2011-10-27,-1.261047020747762,2.9444389791664403,3.6888794541139363,0.6275538715099103,45,2011,False
eu_stoxx50,2013-05-28,1.6104538478272552,2.9444389791664403,3.332204510175204,0.5907084051139165,45,2013,False
eu_stoxx50,2014-09-04,-1.10699420122604,3.4011973816621555,3.4011973816621555,0.5764296862968181,45,2014,False
eu_stoxx50,2015-07-20,-0.8615161996065819,4.990432586778736,5.43372200355424,0.6900489074432248,45,2015,False
eu_stoxx50,2020-02-19,-0.48076235114648735,2.995732273553991,5.5134287461649825,0.518704092760897,45,2020,False
eu_stoxx50,2022-03-29,-0.48390836394537873,4.867534450455582,3.4657359027997265,0.5466283608731575,45,2022,False
eu_stoxx50,2025-03-03,-0.7839450025699204,3.295836866004329,2.9444389791664403,0.49398930123377677,45,2025,False
eu_stoxx50,2026-02-25,-0.8675378517755359,2.833213344056216,4.07753744390572,0.4340568142721606,45,2026,False
fr_cac40,2002-08-22,1.0228843138033596,4.969813299576001,5.147494476813453,0.5047522434539498,34,2002,False
fr_cac40,2006-05-09,-0.16188557304610152,3.258096538021482,4.330733340286331,0.45133978342925396,35,2006,False
fr_cac40,2007-07-16,-1.8276835092721953,6.042632833682381,4.3694478524670215,0.5054900240691406,36,2007,True
fr_cac40,2008-05-19,-0.6234654796090702,5.332718793265369,5.680172609017068,0.5946093267500017,37,2008,True
fr_cac40,2009-01-06,-1.5536254652629127,3.784189633918261,3.6109179126442243,0.6007027389081814,38,2009,True
fr_cac40,2010-01-08,0.01237781329919807,6.180016653652572,2.833213344056216,0.5721754118800114,38,2010,False
fr_cac40,2011-02-18,1.200969737324443,5.278114659230517,5.645446897643238,0.5737980865664875,38,2011,False
fr_cac40,2011-10-27,0.09584592886062637,2.9444389791664403,3.8918202981106265,0.6162411591418101,39,2011,False
fr_cac40,2013-05-22,-1.5108032853907047,3.1354942159291497,3.091042453358316,0.5483597831763032,39,2013,False
fr_cac40,2014-09-04,-0.9440773344937559,3.4011973816621555,3.4339872044851463,0.5066503900246452,39,2014,False
fr_cac40,2015-05-27,-0.4547582868934401,5.209486152841421,5.3612921657094255,0.5977545054630053,39,2015,False
fr_cac40,2016-05-30,0.7479808386332518,2.995732273553991,3.091042453358316,0.6714054564334107,39,2016,False
fr_cac40,2018-09-27,-0.22938561227159004,5.929589143389895,4.820281565605037,0.46167440901971324,39,2018,False
fr_cac40,2020-02-19,-0.7542303805162343,2.995732273553991,5.4510384535657,0.4809961632152759,39,2020,False
fr_cac40,2022-03-29,-0.5635380897154172,4.867534450455582,4.2626798770413155,0.5205883277085386,39,2022,False
fr_cac40,2026-02-26,0.2613905885504053,2.772588722239781,4.060443010546419,0.4187765709680112,39,2026,False
hk_hsi,2002-08-22,-0.36571602744059195,5.1647859739235145,3.58351893845611,0.4684750444033164,24,2002,False
hk_hsi,2004-02-18,1.7037731889982926,4.143134726391533,4.795790545596741,0.4739229688134073,27,2004,False
hk_hsi,2006-05-08,0.5730095491686509,3.258096538021482,4.2626798770413155,0.39318037698199265,42,2006,False
hk_hsi,2007-01-24,-0.7670031026242285,6.066108090103747,4.23410650459726,0.43172190204742,45,2007,True
hk_hsi,2007-07-24,-1.4354088749000697,5.739792912179234,5.241747015059643,0.41118284947591066,47,2007,True
hk_hsi,2008-05-06,-0.07141205657818572,4.770684624465665,5.476463551931511,0.5235027180756832,50,2008,True
hk_hsi,2008-12-11,0.7694903766411465,4.02535169073515,2.302585092994046,0.5480317375222502,52,2008,True
hk_hsi,2010-01-06,1.6518715548045586,6.068425588244111,4.219507705176107,0.5134391596236441,52,2010,False
hk_hsi,2011-10-28,-0.8442170076804829,2.995732273553991,3.6375861597263857,0.5264659969876839,57,2011,False
hk_hsi,2012-05-02,2.3023278465441486,3.1354942159291497,4.454347296253507,0.5447082587772124,58,2012,False
hk_hsi,2013-05-20,-0.6070319967214521,3.2188758248682006,4.060443010546419,0.46711300698507696,59,2013,False
hk_hsi,2018-01-26,3.8358330012428246,5.220355825078324,5.655991810819852,0.3778343843482295,59,2018,False
hk_hsi,2019-07-02,-0.8130002203354469,5.19295685089021,4.248495242049359,0.5341199866885132,59,2019,False
hk_hsi,2020-01-17,0.2068874738248585,3.7376696182833684,5.043425116919247,0.4993929868769936,59,2020,False
hk_hsi,2021-02-17,-1.6317971776026086,6.040254711277414,4.382026634673881,0.4867813054714163,59,2021,False
hk_hsi,2021-10-20,3.0192866965494076,5.541263545158426,4.060443010546419,0.40094875547517306,59,2021,False
hk_hsi,2022-06-28,-1.276721063049551,4.454347296253507,3.912023005428146,0.4490733152078257,59,2022,False
hk_hsi,2023-01-27,-0.304032002360608,5.488937726156687,5.153291594497779,0.5385843356874633,59,2023,False
hk_hsi,2023-07-31,-0.7207941122974444,4.770684624465665,5.1298987149230735,0.5545626341955889,59,2023,False
hk_hsi,2024-10-07,-0.8195199336417627,4.804021044733257,3.970291913552122,0.569189327169504,59,2024,False
hk_hsi,2026-05-07,1.399385479987072,3.58351893845611,4.02535169073515,0.45984451987035446,59,2026,False
in_nifty50,2011-01-03,-0.19731568441402692,5.4680601411351315,3.7612001156935624,0.4094045668101621,43,2011,False
in_nifty50,2011-07-07,-1.3263161757124642,4.6913478822291435,3.7376696182833684,0.45194501337569737,43,2011,False
in_nifty50,2013-07-23,-0.9701612167489828,3.1780538303479458,2.70805020110221,0.3850648504005398,44,2013,False
in_nifty50,2015-07-22,-1.2968462085218135,4.927253685157205,4.343805421853684,0.41715897384581496,44,2015,False
in_nifty50,2018-08-28,-1.461371859310394,5.945420608606575,4.6443908991413725,0.3730379694483172,44,2018,False
in_nifty50,2020-04-30,-0.9949308920872424,2.3978952727983707,2.1972245773362196,0.4804251409653441,44,2020,False
in_nifty50,2022-01-17,-0.04513867989392928,4.6443908991413725,3.5553480614894135,0.4249479140204037,44,2022,False
in_nifty50,2026-02-11,-1.514675067496403,3.4339872044851463,4.465908118654584,0.45530818068272166,44,2026,False
it_ftsemib,2002-08-27,1.0444944527731304,4.948759890378168,5.225746673713202,0.49357980183276584,20,2002,False
it_ftsemib,2003-02-18,-0.9147996047282003,2.772588722239781,2.8903717578961645,0.4833462350490944,21,2003,False
it_ftsemib,2006-05-09,1.1525188157166912,6.161207321695077,3.258096538021482,0.3937468504989555,26,2006,False
it_ftsemib,2007-12-10,3.6852117755286917,5.739792912179234,5.241747015059643,0.5434672249912181,26,2007,True
it_ftsemib,2008-08-11,-0.8147543490582732,4.969813299576001,5.87493073085203,0.5185800930633047,28,2008,True
it_ftsemib,2009-06-11,0.23935808520267665,3.044522437723423,2.3978952727983707,0.5353773480155536,28,2009,True
it_ftsemib,2010-01-08,-0.9790276834429612,6.180016653652572,2.833213344056216,0.5518212052418435,28,2010,False
it_ftsemib,2010-10-21,-0.19087068140405172,6.1070228877422545,3.9318256327243257,0.6273523301021474,28,2010,False
it_ftsemib,2011-04-29,-0.3947967686213767,5.75890177387728,5.209486152841421,0.6044277546717742,28,2011,False
it_ftsemib,2011-10-27,2.053600738920202,5.241747015059643,4.74493212836325,0.6279760926986792,28,2011,False
it_ftsemib,2012-07-03,-0.9194726543857419,2.70805020110221,2.833213344056216,0.6739856644207274,28,2012,False
it_ftsemib,2013-01-28,1.863344165514862,3.871201010907891,3.044522437723423,0.6056781481036592,28,2013,False
it_ftsemib,2014-09-04,-0.7197430275177212,6.144185634125646,3.5263605246161616,0.5466892685412885,29,2014,False
it_ftsemib,2015-05-27,-0.34706075917280454,5.652489180268651,5.3706380281276624,0.5777904581093591,29,2015,False
it_ftsemib,2015-11-30,1.1542265969627143,5.0238805208462765,5.75890177387728,0.6004850983174875,29,2015,False
it_ftsemib,2018-05-07,0.902209654026163,6.148468295917647,3.4657359027997265,0.48175637526779824,29,2018,False
it_ftsemib,2020-02-19,-1.2287706191007892,2.772588722239781,5.877735781779639,0.474640641390277,29,2020,False
it_ftsemib,2022-05-30,1.0998077045918118,4.584967478670572,4.477336814478207,0.5375689937841354,29,2022,False
it_ftsemib,2024-07-23,-1.262469839721379,2.302585092994046,3.9318256327243257,0.46247306534562577,29,2024,False
it_ftsemib,2025-03-19,-0.02122189456248602,2.70805020110221,2.995732273553991,0.46625856529353055,29,2025,False
jp_largecap,2002-08-26,-0.029476934870609206,5.1647859739235145,3.912023005428146,0.503450412745272,55,2002,False
jp_largecap,2003-10-20,1.1816100062023915,3.091042453358316,4.290459441148391,0.49890389510478905,55,2003,False
jp_largecap,2004-04-26,1.233457526426296,2.70805020110221,5.327876168789581,0.47799822294311534,57,2004,False
jp_largecap,2006-04-07,0.22896524206405022,6.184148890937483,2.70805020110221,0.4728050278836483,58,2006,False
jp_largecap,2007-07-09,0.04333821365749113,6.0112671744041615,4.5217885770490405,0.5053337765767012,59,2007,True
jp_largecap,2008-02-27,-0.2902649187963737,5.53338948872752,5.5093883366279774,0.5571521923765185,59,2008,True
jp_largecap,2009-01-07,1.0452071820912385,3.7376696182833684,3.6109179126442243,0.6377554374409171,59,2009,True
jp_largecap,2009-10-26,-1.0168184895767927,6.161207321695077,3.258096538021482,0.6010696477860232,59,2009,True
jp_largecap,2010-06-21,-0.6419664381520671,5.855071922202427,4.31748811353631,0.5881390497134015,59,2010,False
jp_largecap,2011-02-21,-0.8903594173892686,5.231108616854587,5.634789603169249,0.6234237457018945,59,2011,False
jp_largecap,2012-03-27,3.138640949340007,3.828641396489095,4.927253685157205,0.5901589976106117,59,2012,False
jp_largecap,2013-05-22,-1.1068573019049666,2.772588722239781,4.709530201312334,0.5836744386367511,59,2013,False
jp_largecap,2013-12-30,-0.16495386822245672,3.044522437723423,4.605170185988092,0.6465284654657865,59,2013,False
jp_largecap,2014-09-25,-0.9707947312472749,2.70805020110221,2.302585092994046,0.6133079258268525,59,2014,False
jp_largecap,2015-12-01,-0.5082810287680761,3.871201010907891,5.552959584921617,0.56208684173877,59,2015,False
jp_largecap,2018-01-23,4.803469441319195,5.480638923341991,5.537334267018537,0.5012594913135103,59,2018,False
jp_largecap,2018-10-02,-0.5003073151813897,5.8664680569332965,4.990432586778736,0.5240857962501397,59,2018,False
jp_largecap,2020-01-20,-0.7632453946063351,3.6375861597263857,5.123963979403259,0.5159463308850241,59,2020,False
jp_largecap,2021-09-14,0.39921057373783553,4.7535901911063645,2.6390573296152584,0.5098366109533171,59,2021,False
jp_largecap,2022-08-17,-1.3294554974451864,3.4011973816621555,3.332204510175204,0.5499767751322159,59,2022,False
jp_largecap,2024-07-11,-0.9677070919078221,2.772588722239781,5.5134287461649825,0.523534599765183,59,2024,False
jp_largecap,2026-02-27,-0.8837367167734089,2.70805020110221,4.248495242049359,0.502056999308458,59,2026,False
kr_kospi200,2002-12-03,0.1400059167581933,4.30406509320417,4.007333185232471,0.4783662096004519,99,2002,False
kr_kospi200,2004-04-23,0.5395567386303304,2.772588722239781,4.653960350157523,0.32073177767968186,109,2004,False
kr_kospi200,2006-05-11,1.1315901327347833,3.091042453358316,4.770684624465665,0.34941004236909956,116,2006,False
kr_kospi200,2007-07-25,-0.8709482006576206,5.752572638825633,5.220355825078324,0.33004379279811696,122,2007,True
kr_kospi200,2008-05-16,-1.6599803142009486,4.7535901911063645,5.700443573390687,0.39448407586688183,124,2008,True
kr_kospi200,2009-01-07,0.4450862794641619,3.58351893845611,2.70805020110221,0.45625286961748796,128,2009,True
kr_kospi200,2010-04-26,-0.6084727605078486,2.9444389791664403,2.833213344056216,0.35060417205305217,131,2010,False
kr_kospi200,2011-07-07,-1.4969718229940876,4.0943445622221,6.0867747269123065,0.3192342781375838,139,2011,False
kr_kospi200,2012-04-03,-0.9345846891167806,3.713572066704308,4.969813299576001,0.40993589819140147,146,2012,False
kr_kospi200,2013-05-29,-0.8003879686884514,2.8903717578961645,4.02535169073515,0.31689021644597626,148,2013,False
kr_kospi200,2018-09-27,-1.2847689431317886,5.8944028342648505,4.919980925828125,0.30822235174585366,150,2018,False
kr_kospi200,2019-04-16,-1.1662773419234382,5.43372200355424,5.19295685089021,0.3266404744052356,150,2019,False
kr_kospi200,2020-01-22,-0.2027436838268235,3.6635616461296463,4.605170185988092,0.3794222415347134,150,2020,False
kr_kospi200,2022-08-16,-1.5267500605681144,3.6375861597263857,4.77912349311153,0.4498277207009797,150,2022,False
kr_kospi200,2023-09-15,1.1148341165186046,3.295836866004329,3.58351893845611,0.3940734626393345,150,2023,False
kr_kospi200,2024-07-11,-1.42076089608802,4.605170185988092,4.61512051684126,0.3699845395093111,150,2024,False
kr_kospi200,2025-03-26,-1.3670052301417996,2.302585092994046,2.833213344056216,0.3509165333428029,150,2025,False
kr_kospi200,2026-02-26,0.03533459286851981,4.634728988229636,3.5553480614894135,0.39822206723252734,150,2026,False
nl_aex,2010-04-26,-0.7654376026276832,5.8998973535824915,4.90527477843843,0.5581398801168783,15,2010,False
nl_aex,2011-07-07,1.8373178186636556,4.007333185232471,5.44673737166631,0.5403333360660779,15,2011,False
nl_aex,2012-03-16,0.8703775167970025,3.970291913552122,3.828641396489095,0.6501578792936027,15,2012,False
nl_aex,2013-05-22,-0.9681877013474272,3.1354942159291497,2.70805020110221,0.5062719827765746,15,2013,False
nl_aex,2014-09-19,-0.6293310642128955,2.9444389791664403,2.70805020110221,0.5103448893803078,15,2014,False
nl_aex,2015-08-05,1.1298396196092106,4.890349128221754,5.298317366548036,0.6004853059580811,15,2015,False
nl_aex,2018-11-13,3.7040987692228846,5.834810737062605,3.295836866004329,0.494119317716648,15,2018,False
nl_aex,2020-02-14,-0.9884842569675332,3.1354942159291497,5.288267030694535,0.5182616589392492,15,2020,False
nl_aex,2022-05-31,-0.1885457925966989,4.564348191467836,4.174387269895637,0.5155857366158572,15,2022,False
se_omx30,2011-05-11,-0.3735954744492136,4.61512051684126,5.700443573390687,0.5860275439802618,25,2011,False
se_omx30,2012-03-16,0.4919027228043049,3.9512437185814275,4.248495242049359,0.6893934369185478,25,2012,False
se_omx30,2013-05-22,0.229842784165879,3.091042453358316,4.02535169073515,0.6099996303377704,25,2013,False
se_omx30,2014-09-19,0.5055416528061132,2.8903717578961645,2.3978952727983707,0.5612537601406284,25,2014,False
se_omx30,2015-07-20,2.14800970727069,4.962844630259907,5.342334251964811,0.6338655482505875,25,2015,False
se_omx30,2018-09-27,-0.8044452782084552,5.905361848054571,3.7376696182833684,0.5490434004615984,25,2018,False
se_omx30,2019-04-29,-0.5598548007131274,5.402677381872279,3.784189633918261,0.5560772042720752,25,2019,False
se_omx30,2020-02-19,0.0674464720094119,3.1354942159291497,5.10594547390058,0.5611315006793417,25,2020,False
se_omx30,2022-06-02,-1.194661948189639,4.418840607796598,3.8501476017100584,0.5503710524742206,25,2022,False
se_omx30,2025-02-26,0.08950102830234474,3.4011973816621555,4.442651256490317,0.5119650253342689,25,2025,False
se_omx30,2026-02-27,0.011610830144483053,2.70805020110221,4.51085950651685,0.505017267480781,25,2026,False
sg_sti,2002-08-22,-0.3334423028416649,4.962844630259907,4.110873864173311,0.4599494899041552,15,2002,False
sg_sti,2004-04-08,-0.8722571686284435,3.295836866004329,2.70805020110221,0.44591209526049563,15,2004,False
sg_sti,2006-05-03,-1.1458009532504279,3.4011973816621555,4.31748811353631,0.36651431701061954,16,2006,False
sg_sti,2007-07-24,0.8752026866931155,6.008813185442595,4.532599493153256,0.39620018696791887,20,2007,True
sg_sti,2009-01-05,-0.18305126731655497,3.7612001156935624,3.1780538303479458,0.5422785719902953,25,2009,True
sg_sti,2010-04-14,-1.637740509181767,3.367295829986474,2.6390573296152584,0.4741479944473286,25,2010,False
sg_sti,2011-08-01,-0.2773445690233083,3.8066624897703196,4.59511985013459,0.46056794208443663,25,2011,False
sg_sti,2013-05-22,-1.4536122319650604,3.091042453358316,5.3706380281276624,0.3639759843423682,27,2013,False
sg_sti,2015-07-20,-0.5944537987582814,4.844187086458591,5.056245805348308,0.37692206032271924,27,2015,False
sg_sti,2025-03-27,1.1656895800529528,2.0794415416798357,2.833213344056216,0.3904207488336898,27,2025,False
uk_ftse100,2002-08-27,-0.6216723265719919,4.948759890378168,4.23410650459726,0.3758468543217066,72,2002,False
uk_ftse100,2007-12-10,0.7960044637522188,5.749392985908253,5.225746673713202,0.5031955340051902,85,2007,True
uk_ftse100,2008-08-29,-0.23035150796419934,4.890349128221754,4.882801922586371,0.5170144949272022,86,2008,True
uk_ftse100,2010-04-15,1.024945429312516,3.970291913552122,3.912023005428146,0.4412297582990098,87,2010,False
uk_ftse100,2011-07-07,2.556077611362624,4.127134385045092,5.4510384535657,0.49402628773087315,87,2011,False
uk_ftse100,2013-05-22,0.42904750093654,3.091042453358316,3.332204510175204,0.4684662901919473,89,2013,False
uk_ftse100,2020-01-17,0.46294829629627055,3.828641396489095,5.846438775057725,0.4330866272681454,89,2020,False
uk_ftse100,2025-03-03,0.7510149882746635,3.2188758248682006,3.1780538303479458,0.4169459710514279,89,2025,False
uk_ftse250,2002-08-27,-0.012107184118820058,4.948759890378168,4.0943445622221,0.3801067321823359,131,2002,False
uk_ftse250,2006-05-09,-1.2798853877006608,3.1780538303479458,4.394449154672439,0.3052150262808437,148,2006,False
uk_ftse250,2007-10-31,-0.5258895938542221,5.594711379601839,5.442417710521793,0.40871264461171014,162,2007,True
uk_ftse250,2008-05-19,1.1850144844679171,4.882801922586371,5.8805329864007,0.45401981240700856,167,2008,True
uk_ftse250,2009-01-06,-1.2708425634667935,3.784189633918261,3.2188758248682006,0.43442832011247884,170,2009,True
uk_ftse250,2010-04-26,-0.5842456690802624,3.828641396489095,4.204692619390966,0.3658075189252018,172,2010,False
uk_ftse250,2011-07-07,0.633243190823249,4.127134385045092,5.752572638825633,0.3623160188864909,180,2011,False
uk_ftse250,2013-05-22,-0.395951123816757,3.091042453358316,3.332204510175204,0.35490272417149504,180,2013,False
uk_ftse250,2015-12-29,-1.5466636994800247,4.820281565605037,3.091042453358316,0.3737263851614219,184,2015,False
uk_ftse250,2016-06-23,-0.8051418108898969,0.6931471805599453,2.995732273553991,0.4112183100997581,184,2016,False
uk_ftse250,2020-02-20,-1.0654649956349418,2.995732273553991,5.484796933490655,0.3700926407936226,184,2020,False
uk_ftse250,2022-01-04,-0.9884684308847671,5.267858159063328,5.723585101952381,0.39741290989842126,184,2022,False
uk_ftse250,2022-08-15,-0.710951705143172,3.6888794541139363,4.356708826689592,0.4669431788244964,184,2022,False
uk_ftse250,2023-09-14,0.6258258683823552,3.4011973816621555,3.5553480614894135,0.45160852081248454,184,2023,False
uk_ftse250,2026-02-27,-0.8561362887775918,3.044522437723423,4.465908118654584,0.4001746238509932,184,2026,False
us_sp400_mid,2002-08-22,-0.12051355436492228,3.4965075614664802,4.990432586778736,0.3808531475850971,222,2002,False
us_sp400_mid,2006-05-08,0.565901748170925,6.135564891081739,3.6375861597263857,0.41518031268464095,248,2006,False
us_sp400_mid,2007-07-13,-0.6328964354772624,6.030685260261263,4.430816798843313,0.47443816398143385,257,2007,True
us_sp400_mid,2008-06-05,1.6989676333417005,5.247024072160486,5.736572297479192,0.5233728036752395,266,2008,True
us_sp400_mid,2009-01-06,-1.1227291109818902,3.7376696182833684,3.6635616461296463,0.5685702673913164,268,2009,True
us_sp400_mid,2010-04-23,0.7832789674942617,3.912023005428146,4.653960350157523,0.5229341177331247,270,2010,False
us_sp400_mid,2011-07-07,-0.7427073958939463,4.110873864173311,4.709530201312334,0.5597294404183105,279,2011,False
us_sp400_mid,2014-09-02,-1.368787686318298,5.8971538676367405,3.7376696182833684,0.4761593973339277,296,2014,False
us_sp400_mid,2015-08-17,-1.6629001930475447,4.812184355372417,3.9318256327243257,0.4761551490264298,296,2015,False
us_sp400_mid,2020-02-20,3.346923711126694,3.091042453358316,5.111987788356544,0.4605337316865734,296,2020,False
us_sp400_mid,2022-01-04,0.6025594388796418,5.204006687076795,4.48863636973214,0.4877593806497578,296,2022,False
us_sp400_mid,2022-08-16,0.03503194731293924,3.332204510175204,4.330733340286331,0.5461440703796678,296,2022,False
us_sp500,2002-08-22,-0.7423227039256344,3.4965075614664802,4.9344739331306915,0.4155158972352039,365,2002,False
us_sp500,2007-12-10,0.8993439646614352,5.7430031878094825,5.236441962829949,0.4967116911848878,398,2007,True
us_sp500,2008-08-11,0.9102700351503126,4.969813299576001,5.6240175061873385,0.5345556021765226,407,2008,True
us_sp500,2010-04-23,-1.1633992608972288,3.8918202981106265,4.3694478524670215,0.5217643392621935,415,2010,False
us_sp500,2011-07-07,-1.2207950703029982,4.110873864173311,4.442651256490317,0.5261104300746247,427,2011,False
us_sp500,2015-07-20,-0.7862350021394064,4.962844630259907,3.5263605246161616,0.5050472017535376,448,2015,False
us_sp500,2018-01-26,0.6130424380624251,5.43372200355424,3.58351893845611,0.32622011850927807,448,2018,False
us_sp500,2018-11-07,-1.1109069685481014,5.8377304471659395,3.258096538021482,0.42173186553764136,448,2018,False
us_sp500,2020-02-19,0.3408261058494557,3.1354942159291497,5.081404364984463,0.4159168699646865,448,2020,False
us_sp500,2022-03-29,-0.09110186677901799,4.852030263919617,5.293304824724492,0.43740735886200777,448,2022,False
us_sp500,2025-02-19,0.6971650892698289,3.5263605246161616,4.04305126783455,0.3919153901440215,448,2025,False
us_sp600_small,2002-05-15,0.03606226472537433,4.624972813284271,5.231108616854587,0.28334363744274577,289,2002,False
us_sp600_small,2003-01-06,-0.05671552392424495,3.8066624897703196,3.367295829986474,0.3588443123156893,294,2003,False
us_sp600_small,2004-06-30,-0.5143392229687942,3.295836866004329,3.6375861597263857,0.3920847356266373,303,2004,False
us_sp600_small,2006-05-08,0.3261140447235058,6.135564891081739,3.6375861597263857,0.3831143968612668,331,2006,False
us_sp600_small,2007-07-19,-1.544347310571191,6.021023349349527,4.477336814478207,0.4318606823208422,337,2007,True
us_sp600_small,2008-06-05,4.714931367272795,5.247024072160486,5.736572297479192,0.48931158405448427,348,2008,True
us_sp600_small,2009-01-06,2.313547418380443,3.7376696182833684,3.713572066704308,0.5318963576395784,355,2009,True
us_sp600_small,2010-04-23,0.5062818178195254,5.8998973535824915,4.30406509320417,0.47775690271466176,362,2010,False
us_sp600_small,2011-07-07,-0.5137731406057426,4.110873864173311,4.787491742782046,0.530031775208103,374,2011,False
us_sp600_small,2015-12-01,1.1801594105788258,3.8918202981106265,4.394449154672439,0.4667611195082919,400,2015,False
us_sp600_small,2018-08-31,-0.8653623929845198,5.958424693029782,4.727387818712341,0.3923681234782946,400,2018,False
us_sp600_small,2019-05-06,-0.5253401401306692,5.389071729816501,5.159055299214529,0.42570760138586516,400,2019,False
us_sp600_small,2020-01-16,0.9456292022532327,3.7376696182833684,5.241747015059643,0.4558744874059462,400,2020,False
us_sp600_small,2020-08-12,-1.7093127030406512,3.367295829986474,3.4965075614664802,0.5541947883134973,400,2020,False
us_sp600_small,2022-01-04,-0.30392740250733885,5.225746673713202,5.749392985908253,0.49504373519996836,400,2022,False
us_sp600_small,2022-08-16,-1.0420427444033415,3.4657359027997265,4.430816798843313,0.5278273562938575,400,2022,False
us_sp600_small,2024-11-25,0.9186795458118819,4.499809670330265,5.680172609017068,0.5229836281626964,400,2024,False
world_indices,2002-08-22,-0.5286878501435521,4.969813299576001,4.219507705176107,0.4689480343670768,28,2002,False
world_indices,2004-04-05,0.21856066902136062,3.4011973816621555,4.605170185988092,0.453190380288536,29,2004,False
world_indices,2006-05-09,0.5378724219640856,3.2188758248682006,4.477336814478207,0.4301836595360576,29,2006,False
world_indices,2007-07-23,-0.3096046731773461,6.052089168924417,4.31748811353631,0.5170495394261931,29,2007,True
world_indices,2008-02-27,0.13733335856734818,5.5909869805108565,5.44673737166631,0.5825795148376981,30,2008,True
world_indices,2009-01-06,-0.04725686804074991,3.784189633918261,3.2188758248682006,0.5541728628560905,31,2009,True
world_indices,2010-04-15,-0.5047939151831349,5.948034989180646,4.59511985013459,0.5781738170113903,32,2010,False
world_indices,2011-07-04,-1.1959208500452914,4.189654742026425,5.752572638825633,0.5431675083765742,32,2011,False
world_indices,2013-05-20,-0.8511744385163955,3.2188758248682006,4.127134385045092,0.5156792326005374,31,2013,False
world_indices,2020-02-12,1.0993607905872764,3.332204510175204,5.135798437050262,0.49532780859967074,31,2020,False
