kind,event,lag,mean_corr
crash onset,559748,0,0.27392831444740295
crash onset,559748,10,0.28767129778862
crash onset,559748,20,0.2612820267677307
crash onset,559748,30,0.23334309458732605
crash onset,559748,40,0.051354825496673584
crash onset,559748,50,0.10313956439495087
crash onset,559748,60,0.14306765794754028
crash onset,559748,70,0.12739381194114685
crash onset,559748,80,0.16610170900821686
crash onset,559748,90,0.20644621551036835
crash onset,562325,-90,0.32003411650657654
crash onset,562325,-80,0.29246383905410767
crash onset,562325,-70,0.3674733340740204
crash onset,562325,-60,0.3276642858982086
crash onset,562325,-50,0.3898701071739197
crash onset,562325,-40,0.3269648253917694
crash onset,562325,-30,0.3525772988796234
crash onset,562325,-20,0.25746697187423706
crash onset,562325,-10,0.3365144729614258
crash onset,562325,0,0.3531687259674072
crash onset,562325,10,0.519425630569458
crash onset,562325,20,0.45948466658592224
crash onset,562325,30,0.4682683050632477
crash onset,562325,40,0.4696088433265686
crash onset,562325,50,0.4481552541255951
crash onset,562325,60,0.41061851382255554
crash onset,562325,70,0.3403477072715759
crash onset,562325,80,0.27965104579925537
crash onset,562325,90,0.3029518127441406
crash onset,563865,-90,0.2987622022628784
crash onset,563865,-80,0.28577616810798645
crash onset,563865,-70,0.2856787443161011
crash onset,563865,-60,0.296853244304657
crash onset,563865,-50,0.23668165504932404
crash onset,563865,-40,0.22071324288845062
crash onset,563865,-30,0.20820267498493195
crash onset,563865,-20,0.25255781412124634
crash onset,563865,-10,0.19442011415958405
crash onset,563865,0,0.2931003272533417
crash onset,563865,10,0.35014352202415466
crash onset,563865,20,0.5039301514625549
crash onset,563865,30,0.5002799034118652
crash onset,563865,40,0.5072512626647949
crash onset,563865,50,0.49845921993255615
crash onset,563865,60,0.4765460193157196
crash onset,563865,70,0.4718548655509949
crash onset,563865,80,0.5061376094818115
crash onset,563865,90,0.5065352916717529
crash onset,564649,-90,0.42992448806762695
crash onset,564649,-80,0.45863908529281616
crash onset,564649,-70,0.48286569118499756
crash onset,564649,-60,0.47657889127731323
crash onset,564649,-50,0.43649914860725403
crash onset,564649,-40,0.42446884512901306
crash onset,564649,-30,0.4359235167503357
crash onset,564649,-20,0.4610694944858551
crash onset,564649,-10,0.4999890625476837
crash onset,564649,0,0.4696159362792969
crash onset,564649,10,0.46838659048080444
crash onset,564649,20,0.5303153991699219
crash onset,564649,30,0.5482556819915771
crash onset,564649,40,0.5510640740394592
crash onset,564649,50,0.5350372791290283
crash onset,564649,60,0.5293782353401184
crash onset,564649,70,0.5371842980384827
crash onset,564649,80,0.505431592464447
crash onset,564649,90,0.5243407487869263
crash onset,565639,-40,0.5173109173774719
crash onset,565639,-30,0.43266162276268005
crash onset,565639,-20,0.39994049072265625
crash onset,565639,-10,0.35948827862739563
crash onset,565639,0,0.42472290992736816
crash onset,565639,10,0.5015913248062134
crash onset,565639,20,0.44447144865989685
crash onset,565639,30,0.4949556291103363
crash onset,565639,40,0.5452504754066467
crash onset,565639,50,0.5569523572921753
crash onset,565639,60,0.48606133460998535
crash onset,565639,70,0.4666081666946411
crash onset,565639,80,0.46881619095802307
crash onset,565639,90,0.4986853301525116
crash onset,566382,0,0.5024843215942383
crash onset,566382,10,0.48514944314956665
crash onset,566382,20,0.5036166906356812
crash onset,566382,30,0.3185381591320038
crash onset,566382,40,0.4126962125301361
crash onset,566382,50,0.48236337304115295
crash onset,566382,60,0.48590606451034546
crash onset,566382,70,0.47778889536857605
crash onset,566382,80,0.4120977818965912
crash onset,566382,90,0.47126850485801697
crash onset,567332,-90,0.5983578562736511
crash onset,567332,-80,0.5965766310691833
crash onset,567332,-70,0.624833345413208
crash onset,567332,-60,0.5711012482643127
crash onset,567332,-50,0.6337505578994751
crash onset,567332,-40,0.5905458331108093
crash onset,567332,-30,0.6702147722244263
crash onset,567332,-20,0.6450385451316833
crash onset,567332,-10,0.6917146444320679
crash onset,567332,0,0.6767473816871643
crash onset,567332,10,0.6745901703834534
crash onset,567332,20,0.6474331021308899
crash onset,567332,30,0.6148361563682556
crash onset,567332,40,0.6783892512321472
crash onset,567332,50,0.6706250905990601
crash onset,567332,60,0.6834747195243835
crash onset,567332,70,0.6208392977714539
crash onset,567332,80,0.6211124062538147
crash onset,567332,90,0.5943947434425354
crash onset,569335,-90,0.5059962868690491
crash onset,569335,-80,0.5291396975517273
crash onset,569335,-70,0.5728346109390259
crash onset,569335,-60,0.616519033908844
crash onset,569335,-50,0.6469621062278748
crash onset,569335,-40,0.664778470993042
crash onset,569335,-30,0.662432074546814
crash onset,569335,-20,0.6354193687438965
crash onset,569335,-10,0.6272725462913513
crash onset,569335,0,0.6656475067138672
crash onset,569335,10,0.6921267509460449
crash onset,569335,20,0.7077113389968872
crash onset,569335,30,0.6853618025779724
crash onset,569335,40,0.675532341003418
crash onset,569335,50,0.6629910469055176
crash onset,569335,60,0.6056382656097412
crash onset,569335,70,0.5838897824287415
crash onset,569335,80,0.6325199007987976
crash onset,569335,90,0.6248365044593811
crash onset,570302,-20,0.36410075426101685
crash onset,570302,-10,0.27539628744125366
crash onset,570302,0,0.26884400844573975
crash onset,570302,10,0.34862127900123596
crash onset,570302,20,0.41566333174705505
crash onset,570302,30,0.4812774956226349
crash onset,570302,40,0.49679091572761536
crash onset,570302,50,0.5504805445671082
crash onset,570302,60,0.5330407023429871
crash onset,570302,70,0.5445178747177124
crash onset,570302,80,0.4924667477607727
crash onset,570302,90,0.4990541636943817
crash onset,570915,-90,0.32808351516723633
crash onset,570915,-80,0.3742130696773529
crash onset,570915,-70,0.32591819763183594
crash onset,570915,-60,0.39278364181518555
crash onset,570915,-50,0.4144218862056732
crash onset,570915,-40,0.4493817389011383
crash onset,570915,-30,0.3774665296077728
crash onset,570915,-20,0.3874737620353699
crash onset,570915,-10,0.4453084170818329
crash onset,570915,0,0.4252152740955353
crash onset,570915,10,0.422056645154953
crash onset,570915,20,0.388957142829895
crash onset,570915,30,0.45191946625709534
crash onset,570915,40,0.3999456465244293
crash onset,570915,50,0.5897303819656372
crash onset,570915,60,0.5953292846679688
crash onset,570915,70,0.6273786425590515
crash onset,570915,80,0.6771495342254639
crash onset,570915,90,0.7447830438613892
crash onset,575008,-50,0.5637630224227905
crash onset,575008,-40,0.43199774622917175
crash onset,575008,-30,0.27726536989212036
crash onset,575008,-20,0.24074187874794006
crash onset,575008,-10,0.26474669575691223
crash onset,575008,0,0.39755499362945557
crash onset,575008,10,0.4123545289039612
crash onset,575008,20,0.5000487565994263
crash onset,575008,30,0.5651699304580688
crash onset,575008,40,0.5609060525894165
crash onset,575008,50,0.584054708480835
crash onset,575008,60,0.4904310405254364
crash onset,575008,70,0.49929100275039673
crash onset,575008,80,0.3915306329727173
crash onset,575008,90,0.515554666519165
crash onset,576838,-90,0.47912007570266724
crash onset,576838,-80,0.4996541738510132
crash onset,576838,-70,0.3817715048789978
crash onset,576838,-60,0.4015192985534668
crash onset,576838,-50,0.4330196678638458
crash onset,576838,-40,0.5123107433319092
crash onset,576838,-30,0.5968688130378723
crash onset,576838,-20,0.5894060730934143
crash onset,576838,-10,0.5921462178230286
crash onset,576838,0,0.5940334796905518
crash onset,576838,10,0.6087539196014404
crash onset,576838,20,0.6101748943328857
crash onset,576838,30,0.6564606428146362
crash onset,576838,40,0.6375115513801575
crash onset,576838,50,0.6473470330238342
crash onset,576838,60,0.577427089214325
crash onset,577315,-10,0.4945363402366638
crash onset,577315,0,0.40111830830574036
crash onset,577315,10,0.3843556344509125
crash onset,577315,20,0.42543861269950867
crash onset,577315,30,0.4650806486606598
crash onset,577315,40,0.5252081155776978
crash onset,577315,50,0.5095869302749634
crash onset,577315,60,0.47938236594200134
crash onset,577315,70,0.48395678400993347
crash onset,577315,80,0.47494831681251526
crash onset,577315,90,0.5325757265090942
crash onset,578116,-30,0.4447697401046753
crash onset,578116,-20,0.429267019033432
crash onset,578116,-10,0.35247913002967834
crash onset,578116,0,0.3605559766292572
crash onset,578116,10,0.38280928134918213
crash onset,578116,20,0.3676259219646454
crash onset,578116,30,0.3671661615371704
crash onset,578116,40,0.2991071939468384
crash onset,578116,50,0.31618109345436096
crash onset,578116,60,0.2740858793258667
crash onset,578116,70,0.33491942286491394
crash onset,578116,80,0.36822715401649475
crash onset,578116,90,0.3389734923839569
crash onset,579389,-90,0.38605669140815735
crash onset,579389,-80,0.41184067726135254
crash onset,579389,-70,0.441799521446228
crash onset,579389,-60,0.5231027007102966
crash onset,579389,-50,0.4945729374885559
crash onset,579389,-40,0.494605153799057
crash onset,579389,-30,0.43249741196632385
crash onset,579389,-20,0.47806188464164734
crash onset,579389,-10,0.4711114764213562
crash onset,579389,0,0.4795265197753906
crash onset,579389,10,0.5713449716567993
crash onset,579389,20,0.6012365818023682
crash onset,579389,30,0.5559718012809753
crash onset,579389,40,0.5356029272079468
crash onset,579389,50,0.47911450266838074
crash onset,579389,60,0.49456530809402466
crash onset,580542,-90,0.44968461990356445
crash onset,580542,-80,0.44842392206192017
crash onset,580542,-70,0.4810291528701782
crash onset,580542,-60,0.4415114223957062
crash onset,580542,-50,0.537810742855072
crash onset,580542,-40,0.5995124578475952
crash onset,580542,-30,0.6086812615394592
crash onset,580542,-20,0.5068902373313904
crash onset,580542,-10,0.4191785752773285
crash onset,580542,0,0.40206944942474365
crash onset,580542,10,0.4070841372013092
crash onset,580542,20,0.5259308815002441
crash onset,580542,30,0.62241131067276
crash onset,580542,40,0.5989757776260376
crash onset,580542,50,0.6213704347610474
crash onset,580542,60,0.6290687918663025
crash onset,580542,70,0.6265777349472046
crash onset,580542,80,0.6830950975418091
crash onset,591293,-90,0.42862871289253235
crash onset,591293,-80,0.4346018433570862
crash onset,591293,-70,0.37505418062210083
crash onset,591293,-60,0.431975781917572
crash onset,591293,-50,0.5261400938034058
crash onset,591293,-40,0.5931499600410461
crash onset,591293,-30,0.5765975713729858
crash onset,591293,-20,0.5403430461883545
crash onset,591293,-10,0.5419525504112244
crash onset,591293,0,0.5330073237419128
crash onset,591293,10,0.5172845721244812
crash onset,591293,20,0.5224280953407288
crash onset,591293,30,0.528717041015625
crash onset,591293,40,0.552730917930603
crash onset,591293,50,0.6212666630744934
crash onset,591293,60,0.6487617492675781
crash onset,591293,70,0.6603888869285583
crash onset,597698,-90,0.3637075424194336
crash onset,597698,-80,0.24490316212177277
crash onset,597698,-70,0.253342866897583
crash onset,597698,-60,0.2773647606372833
crash onset,597698,-50,0.35491588711738586
crash onset,597698,-40,0.37185153365135193
crash onset,597698,-30,0.39422428607940674
crash onset,597698,-20,0.40359845757484436
crash onset,597698,-10,0.4491308629512787
crash onset,597698,0,0.39546406269073486
crash onset,597698,10,0.5681611895561218
crash onset,597698,20,0.5209364891052246
crash onset,597698,30,0.5537621974945068
crash onset,597698,40,0.5103771686553955
crash onset,597698,50,0.5112860202789307
crash onset,597698,60,0.4873236417770386
crash onset,597698,70,0.4112756550312042
crash onset,597698,80,0.3974958062171936
crash onset,597698,90,0.3560519516468048
crash onset,600660,-90,0.4328361451625824
crash onset,600660,-80,0.39986124634742737
crash onset,600660,-70,0.38305017352104187
crash onset,600660,-60,0.3452536165714264
crash onset,600660,-50,0.304436057806015
crash onset,600660,-40,0.34635472297668457
crash onset,600660,-30,0.6281905174255371
crash onset,600660,-20,0.665206253528595
crash onset,600660,-10,0.6914072036743164
crash onset,600660,0,0.616935670375824
crash onset,600660,10,0.5974541306495667
crash onset,600660,20,0.5715149641036987
crash onset,600660,30,0.6318199634552002
crash onset,600660,40,0.6604360342025757
crash onset,600660,50,0.7071698904037476
crash onset,600660,60,0.6412466764450073
crash onset,604251,-10,0.4528253972530365
crash onset,604251,0,0.420047402381897
crash onset,604251,10,0.33390146493911743
crash onset,604251,20,0.3479359745979309
crash onset,604251,30,0.24938015639781952
crash onset,604251,40,0.3250393271446228
crash onset,604251,50,0.34302854537963867
crash onset,604251,60,0.41568467020988464
crash onset,604251,70,0.4601843059062958
crash onset,604251,80,0.44637033343315125
crash onset,604251,90,0.4630928337574005
crash onset,842656,-90,0.3840411603450775
crash onset,842656,-80,0.5053110122680664
crash onset,842656,-70,0.5074036121368408
crash onset,842656,-60,0.5300029516220093
crash onset,842656,-50,0.4425617456436157
crash onset,842656,-40,0.5245317220687866
crash onset,842656,-30,0.5737232565879822
crash onset,842656,-20,0.6081355810165405
crash onset,842656,-10,0.659906804561615
crash onset,842656,0,0.7199223041534424
crash onset,842656,10,0.765453040599823
crash onset,842656,20,0.7468622922897339
crash onset,842656,30,0.6884016990661621
crash onset,842656,40,0.7173192501068115
crash onset,842656,50,0.7879111766815186
crash onset,842656,60,0.8548519611358643
crash onset,842656,70,0.838104248046875
crash onset,842656,80,0.7984861731529236
crash onset,842656,90,0.7297461628913879
crash onset,1562279,-90,0.3523510694503784
crash onset,1562279,-80,0.3994961977005005
crash onset,1562279,-70,0.4309062063694
crash onset,1562279,-60,0.4357262849807739
crash onset,1562279,-50,0.44461414217948914
crash onset,1562279,-40,0.33038079738616943
crash onset,1562279,-30,0.6972182989120483
crash onset,1562279,-20,0.7160605192184448
crash onset,1562279,-10,0.7264421582221985
crash onset,1562279,0,0.7221388220787048
crash onset,1562279,10,0.7678554058074951
crash onset,1562279,20,0.8490392565727234
crash onset,1562279,30,0.8343299627304077
crash onset,1562279,40,0.8287774324417114
crash onset,1562279,50,0.7914469838142395
crash onset,1562279,60,0.7819908261299133
crash onset,1562279,70,0.7813724875450134
crash onset,1562279,80,0.7583414316177368
crash onset,1681564,-90,0.4688980281352997
crash onset,1681564,-80,0.41604718565940857
crash onset,1681564,-70,0.4709761440753937
crash onset,1681564,-60,0.4321925640106201
crash onset,1681564,-50,0.44669729471206665
crash onset,1681564,-40,0.45627591013908386
crash onset,1681564,-30,0.45360735058784485
crash onset,1681564,-20,0.5103625655174255
crash onset,1681564,-10,0.6628610491752625
crash onset,1681564,0,0.6742761731147766
crash onset,1681564,10,0.6691781878471375
crash onset,1681564,20,0.6691337823867798
crash onset,1681564,30,0.6143845319747925
crash onset,1681564,40,0.6219834089279175
crash onset,1681564,50,0.6607109308242798
crash onset,1681564,60,0.6718655824661255
crash onset,1681564,70,0.6908277273178101
crash onset,1681564,80,0.6259790658950806
crash onset,1681564,90,0.5525884628295898
crash onset,1682419,-90,0.5548489689826965
crash onset,1682419,-80,0.5538557171821594
crash onset,1682419,-70,0.5552768111228943
crash onset,1682419,-60,0.5414881706237793
crash onset,1682419,-50,0.5279263257980347
crash onset,1682419,-40,0.5177186727523804
crash onset,1682419,-30,0.5215400457382202
crash onset,1682419,-20,0.43580886721611023
crash onset,1682419,-10,0.4197573661804199
crash onset,1682419,0,0.47035500407218933
crash onset,1682419,10,0.5141180157661438
crash onset,1682419,20,0.5599597692489624
crash onset,1682419,30,0.5953076481819153
crash onset,1682419,40,0.5887187123298645
crash onset,1682419,50,0.6289532780647278
crash onset,1682419,60,0.6356342434883118
crash onset,1682419,70,0.7575585842132568
crash onset,1682419,80,0.6734938621520996
crash onset,1682810,-90,0.460283488035202
crash onset,1682810,-80,0.5263062119483948
crash onset,1682810,-70,0.5533679127693176
crash onset,1682810,-60,0.5614637732505798
crash onset,1682810,-50,0.5337771773338318
crash onset,1682810,-40,0.47607338428497314
crash onset,1682810,-30,0.5384044647216797
crash onset,1682810,-20,0.5514741539955139
crash onset,1682810,-10,0.6072311401367188
crash onset,1682810,0,0.573020339012146
crash onset,1682810,10,0.584599494934082
crash onset,1682810,20,0.6355540752410889
crash onset,1682810,30,0.6379529237747192
crash onset,1682810,40,0.6291927695274353
crash onset,1682810,50,0.604550838470459
crash onset,1682810,60,0.5393592715263367
crash onset,1682810,70,0.5443524718284607
crash onset,1682810,80,0.5198181867599487
crash onset,1683398,-90,0.3453170359134674
crash onset,1683398,-80,0.3809348940849304
crash onset,1683398,-70,0.42954757809638977
crash onset,1683398,-60,0.35662785172462463
crash onset,1683398,-50,0.34067976474761963
crash onset,1683398,-40,0.3273567259311676
crash onset,1683398,-30,0.41043105721473694
crash onset,1683398,-20,0.5021194219589233
crash onset,1683398,-10,0.48787352442741394
crash onset,1683398,0,0.48929741978645325
crash onset,1683398,10,0.4598613679409027
crash onset,1683398,20,0.5294303894042969
crash onset,1683398,30,0.5511932969093323
crash onset,1683398,40,0.5840449333190918
crash onset,1683398,50,0.5507593750953674
crash onset,1683398,60,0.5185502171516418
crash onset,1683398,70,0.42433175444602966
crash onset,1683398,80,0.37807053327560425
crash onset,1683398,90,0.370953768491745
crash onset,1683937,-90,0.4750288128852844
crash onset,1683937,-80,0.4283870458602905
crash onset,1683937,-70,0.4789659082889557
crash onset,1683937,-60,0.48650720715522766
crash onset,1683937,-50,0.5373196601867676
crash onset,1683937,-40,0.547034740447998
crash onset,1683937,-30,0.5434565544128418
crash onset,1683937,-20,0.5216217637062073
crash onset,1683937,-10,0.5086928606033325
crash onset,1683937,0,0.4999590814113617
crash onset,1683937,10,0.46195197105407715
crash onset,1683937,20,0.5144495964050293
crash onset,1683937,30,0.5062564015388489
crash onset,1683937,40,0.5435413122177124
crash onset,1683937,50,0.5719282627105713
crash onset,1683937,60,0.5682532787322998
crash onset,1683937,70,0.5565786957740784
crash onset,1683937,80,0.502984344959259
crash onset,1683937,90,0.49183353781700134
crash onset,1684840,0,0.1911373883485794
crash onset,1684840,10,0.21340660750865936
crash onset,1684840,20,0.310236394405365
crash onset,1684840,30,0.42608442902565
crash onset,1684840,40,0.520109236240387
crash onset,1684840,50,0.5063260793685913
crash onset,1684840,60,0.5543617606163025
crash onset,1684840,70,0.4972771406173706
crash onset,1684840,80,0.4797731041908264
crash onset,1684840,90,0.38532471656799316
crash onset,1688371,-30,0.6951916813850403
crash onset,1688371,-20,0.7583233118057251
crash onset,1688371,-10,0.7402258515357971
crash onset,1688371,0,0.7390166521072388
crash onset,1688371,10,0.3353952169418335
crash onset,1688371,20,0.4418230652809143
crash onset,1688371,30,0.4178690016269684
crash onset,1688371,40,0.4457433223724365
crash onset,1688371,50,0.4587743878364563
crash onset,1688371,60,0.478640079498291
crash onset,1688371,70,0.47055333852767944
crash onset,1688371,80,0.41925865411758423
crash onset,1688371,90,0.4413881003856659
crash onset,1941216,-90,0.15684527158737183
crash onset,1941216,-80,0.15422458946704865
crash onset,1941216,-70,0.17687468230724335
crash onset,1941216,-60,0.19060727953910828
crash onset,1941216,-50,0.26327377557754517
crash onset,1941216,-40,0.3100341558456421
crash onset,1941216,-30,0.7728418707847595
crash onset,1941216,-20,0.7425794005393982
crash onset,1941216,-10,0.7509097456932068
crash onset,1941216,0,0.6728750467300415
crash onset,1941216,10,0.886499285697937
crash onset,1941216,20,0.8851209878921509
crash onset,1941216,30,0.881173312664032
crash onset,1941216,40,0.8281096816062927
crash onset,1941216,50,0.7956671118736267
crash onset,1941216,60,0.8144047856330872
crash onset,1941216,70,0.7468502521514893
crash onset,1941216,80,0.7076380252838135
crash onset,2176303,-40,0.8972216844558716
crash onset,2176303,-30,0.834678590297699
crash onset,2176303,-20,0.8237495422363281
crash onset,2176303,-10,0.48426100611686707
crash onset,2176303,0,0.7356773018836975
crash onset,2176303,10,0.7502135634422302
crash onset,2176303,20,0.7812566757202148
crash onset,2176303,30,0.67942875623703
crash onset,2176303,40,0.764144241809845
crash onset,2176303,50,0.7498354911804199
crash onset,2176303,60,0.8390911817550659
crash onset,2176303,70,0.8084276914596558
crash onset,2176303,80,0.8200547695159912
crash onset,2176303,90,0.7089459300041199
ordinary peak,5,30,0.163846954703331
ordinary peak,5,40,0.1753319352865219
ordinary peak,5,50,0.23076006770133972
ordinary peak,5,60,0.25596797466278076
ordinary peak,5,70,0.3041139841079712
ordinary peak,5,80,0.24787884950637817
ordinary peak,5,90,0.26232197880744934
ordinary peak,49619,-90,0.2035796195268631
ordinary peak,49619,-80,0.16573446989059448
ordinary peak,49619,-70,0.15947826206684113
ordinary peak,49619,-60,0.13393567502498627
ordinary peak,49619,-50,0.19706107676029205
ordinary peak,49619,-40,0.2306290864944458
ordinary peak,49619,-30,0.1840309500694275
ordinary peak,49619,-20,0.21464692056179047
ordinary peak,49619,-10,0.23319043219089508
ordinary peak,49619,0,0.2266615778207779
ordinary peak,49619,10,0.2100847065448761
ordinary peak,49619,20,0.18841244280338287
ordinary peak,49619,30,0.22498880326747894
ordinary peak,49619,40,0.20347437262535095
ordinary peak,49619,50,0.28707826137542725
ordinary peak,49619,60,0.2897811532020569
ordinary peak,49619,70,0.24619607627391815
ordinary peak,49619,80,0.15934748947620392
ordinary peak,49619,90,0.1652817577123642
ordinary peak,93424,-90,0.1254674196243286
ordinary peak,93424,-80,0.10983897000551224
ordinary peak,93424,-70,0.14615002274513245
ordinary peak,93424,-60,0.17070230841636658
ordinary peak,93424,-50,0.17078332602977753
ordinary peak,93424,-40,0.08222716301679611
ordinary peak,93424,-30,0.05442831292748451
ordinary peak,93424,-20,0.04183579608798027
ordinary peak,93424,-10,0.048969756811857224
ordinary peak,93424,0,0.07945171743631363
ordinary peak,93424,10,0.143268883228302
ordinary peak,93424,20,0.1576729267835617
ordinary peak,93424,30,0.14585882425308228
ordinary peak,93424,40,0.06514013558626175
ordinary peak,93424,50,0.11416180431842804
ordinary peak,93424,60,0.12582507729530334
ordinary peak,93424,70,0.16155850887298584
ordinary peak,93424,80,0.17425741255283356
ordinary peak,93424,90,0.21995237469673157
ordinary peak,136631,-70,0.331256240606308
ordinary peak,136631,-60,0.2704528868198395
ordinary peak,136631,-50,0.2767336666584015
ordinary peak,136631,-40,0.1404699832201004
ordinary peak,136631,-30,0.2728084921836853
ordinary peak,136631,-20,0.2544797956943512
ordinary peak,136631,-10,0.3235442340373993
ordinary peak,136631,0,0.3085164725780487
ordinary peak,136631,10,0.31218114495277405
ordinary peak,136631,20,0.28241339325904846
ordinary peak,136631,30,0.2879246473312378
ordinary peak,136631,40,0.2666645050048828
ordinary peak,136631,50,0.2153523713350296
ordinary peak,136631,60,0.2501017153263092
ordinary peak,136631,70,0.29005733132362366
ordinary peak,136631,80,0.311522901058197
ordinary peak,136631,90,0.2784493565559387
ordinary peak,178342,-50,0.16931772232055664
ordinary peak,178342,-40,0.09536946564912796
ordinary peak,178342,-30,0.11424492299556732
ordinary peak,178342,-20,0.11144362390041351
ordinary peak,178342,-10,0.17672812938690186
ordinary peak,178342,0,0.155330091714859
ordinary peak,178342,10,0.16777117550373077
ordinary peak,178342,20,0.15189537405967712
ordinary peak,178342,30,0.14040949940681458
ordinary peak,178342,40,0.14225028455257416
ordinary peak,178342,50,0.1694999486207962
ordinary peak,178342,60,0.19017945230007172
ordinary peak,178342,70,0.16557848453521729
ordinary peak,178342,80,0.15944994986057281
ordinary peak,178342,90,0.11010520160198212
ordinary peak,219725,-90,0.09001046419143677
ordinary peak,219725,-80,0.07386884838342667
ordinary peak,219725,-70,0.15023240447044373
ordinary peak,219725,-60,0.161843404173851
ordinary peak,219725,-50,0.15038985013961792
ordinary peak,219725,-40,0.12447250634431839
ordinary peak,219725,-30,0.15246766805648804
ordinary peak,219725,-20,0.21697509288787842
ordinary peak,219725,-10,0.18821021914482117
ordinary peak,219725,0,0.3063071668148041
ordinary peak,219725,10,0.3000084161758423
ordinary peak,219725,20,0.3370431959629059
ordinary peak,219725,30,0.29138290882110596
ordinary peak,219725,40,0.31799498200416565
ordinary peak,219725,50,0.37277159094810486
ordinary peak,219725,60,0.4759409427642822
ordinary peak,219725,70,0.42684057354927063
ordinary peak,219725,80,0.4112350344657898
ordinary peak,219725,90,0.2561791241168976
ordinary peak,261060,-90,0.10339757800102234
ordinary peak,261060,-80,0.12885349988937378
ordinary peak,261060,-70,0.17910981178283691
ordinary peak,261060,-60,0.28166690468788147
ordinary peak,261060,-50,0.3010828197002411
ordinary peak,261060,-40,0.33492785692214966
ordinary peak,261060,-30,0.31830817461013794
ordinary peak,261060,-20,0.31297293305397034
ordinary peak,261060,-10,0.2786789834499359
ordinary peak,261060,0,0.24961338937282562
ordinary peak,261060,10,0.24951550364494324
ordinary peak,261060,20,0.13903333246707916
ordinary peak,261060,30,0.10353177040815353
ordinary peak,261060,40,0.062254492193460464
ordinary peak,261060,50,0.10283398628234863
ordinary peak,261060,60,0.09615089744329453
ordinary peak,261060,70,0.23289057612419128
ordinary peak,261060,80,0.22260157763957977
ordinary peak,261060,90,0.2377578169107437
ordinary peak,302033,-80,0.014810574240982533
ordinary peak,302033,-70,0.02389662154018879
ordinary peak,302033,-60,0.01597515307366848
ordinary peak,302033,-50,0.03983291983604431
ordinary peak,302033,-40,0.07822180539369583
ordinary peak,302033,-30,0.13910305500030518
ordinary peak,302033,-20,0.13871467113494873
ordinary peak,302033,-10,0.09516093879938126
ordinary peak,302033,0,0.03270292282104492
ordinary peak,302033,10,0.051385942846536636
ordinary peak,302033,20,0.0217764750123024
ordinary peak,302033,30,0.02827342040836811
ordinary peak,302033,40,0.017539065331220627
ordinary peak,302033,50,0.03298237919807434
ordinary peak,302033,60,0.07734113931655884
ordinary peak,302033,70,0.14528201520442963
ordinary peak,302033,80,0.15589487552642822
ordinary peak,302033,90,0.09740480035543442
ordinary peak,346640,-20,0.19645945727825165
ordinary peak,346640,-10,0.10201627761125565
ordinary peak,346640,0,0.06819413602352142
ordinary peak,346640,10,0.12123780697584152
ordinary peak,346640,20,0.18590718507766724
ordinary peak,346640,30,0.2526051998138428
ordinary peak,346640,40,0.38097402453422546
ordinary peak,346640,50,0.38092145323753357
ordinary peak,346640,60,0.3914526700973511
ordinary peak,346640,70,0.21523675322532654
ordinary peak,346640,80,0.1533445566892624
ordinary peak,346640,90,0.17038479447364807
ordinary peak,389103,-90,0.25314611196517944
ordinary peak,389103,-80,0.2969457805156708
ordinary peak,389103,-70,0.2888771891593933
ordinary peak,389103,-60,0.2763989567756653
ordinary peak,389103,-50,0.2120172083377838
ordinary peak,389103,-40,0.24896565079689026
ordinary peak,389103,-30,0.18385514616966248
ordinary peak,389103,-20,0.17501115798950195
ordinary peak,389103,-10,0.19749975204467773
ordinary peak,389103,0,0.17750540375709534
ordinary peak,389103,10,0.277799516916275
ordinary peak,389103,20,0.24753044545650482
ordinary peak,389103,30,0.2552492320537567
ordinary peak,389103,40,0.257588267326355
ordinary peak,389103,50,0.2186460942029953
ordinary peak,389103,60,0.251349538564682
ordinary peak,389103,70,0.1465645432472229
ordinary peak,389103,80,0.13727352023124695
ordinary peak,389103,90,0.11727795004844666
ordinary peak,431862,-10,0.22892259061336517
ordinary peak,431862,0,0.1590639054775238
ordinary peak,431862,10,0.18010126054286957
ordinary peak,431862,20,0.13944514095783234
ordinary peak,431862,30,0.16172218322753906
ordinary peak,431862,40,0.129136860370636
ordinary peak,431862,50,0.12906838953495026
ordinary peak,431862,60,0.1504507213830948
ordinary peak,431862,70,0.1780892014503479
ordinary peak,431862,80,0.16344964504241943
ordinary peak,431862,90,0.18048794567584991
ordinary peak,477589,-90,0.36692285537719727
ordinary peak,477589,-80,0.43965744972229004
ordinary peak,477589,-70,0.41478636860847473
ordinary peak,477589,-60,0.3945282995700836
ordinary peak,477589,-50,0.30221062898635864
ordinary peak,477589,-40,0.29273730516433716
ordinary peak,477589,-30,0.3036786615848541
ordinary peak,477589,-20,0.326138436794281
ordinary peak,477589,-10,0.3552446663379669
ordinary peak,477589,0,0.3619084060192108
ordinary peak,477589,10,0.3139163851737976
ordinary peak,477589,20,0.43532708287239075
ordinary peak,477589,30,0.4377025067806244
ordinary peak,477589,40,0.47568196058273315
ordinary peak,477589,50,0.36869022250175476
ordinary peak,477589,60,0.46350809931755066
ordinary peak,477589,70,0.4103800654411316
ordinary peak,477589,80,0.43268850445747375
ordinary peak,529717,-90,0.3861338794231415
ordinary peak,529717,-80,0.32373109459877014
ordinary peak,529717,-70,0.2908307909965515
ordinary peak,529717,-60,0.2837682068347931
ordinary peak,529717,-50,0.3287065923213959
ordinary peak,529717,-40,0.31519222259521484
ordinary peak,529717,-30,0.17393946647644043
ordinary peak,529717,-20,0.13101190328598022
ordinary peak,529717,-10,0.15832513570785522
ordinary peak,529717,0,0.16375279426574707
ordinary peak,529717,10,0.2077436000108719
ordinary peak,529717,20,0.19461359083652496
ordinary peak,529717,30,0.2120259553194046
ordinary peak,529717,40,0.21193376183509827
ordinary peak,529717,50,0.17528435587882996
ordinary peak,529717,60,0.1999853402376175
ordinary peak,529717,70,0.2581479549407959
ordinary peak,529717,80,0.3276512920856476
ordinary peak,529717,90,0.2843850255012512
ordinary peak,623933,-90,0.19058211147785187
ordinary peak,623933,-80,0.1819351762533188
ordinary peak,623933,-70,0.16097746789455414
ordinary peak,623933,-60,0.20815809071063995
ordinary peak,623933,-50,0.23714518547058105
ordinary peak,623933,-40,0.29767662286758423
ordinary peak,623933,-30,0.30683591961860657
ordinary peak,623933,-20,0.24696031212806702
ordinary peak,623933,-10,0.19968047738075256
ordinary peak,623933,0,0.19747188687324524
ordinary peak,623933,10,0.21754036843776703
ordinary peak,623933,20,0.26516157388687134
ordinary peak,623933,30,0.28248342871665955
ordinary peak,623933,40,0.3026311993598938
ordinary peak,623933,50,0.3167774975299835
ordinary peak,623933,60,0.3027585446834564
ordinary peak,623933,70,0.287398099899292
ordinary peak,623933,80,0.2578243911266327
ordinary peak,623933,90,0.2612551748752594
ordinary peak,671164,-90,0.35674625635147095
ordinary peak,671164,-80,0.3570738732814789
ordinary peak,671164,-70,0.37915554642677307
ordinary peak,671164,-60,0.3155531585216522
ordinary peak,671164,-50,0.339260995388031
ordinary peak,671164,-40,0.35278329253196716
ordinary peak,671164,-30,0.3963824510574341
ordinary peak,671164,-20,0.380690336227417
ordinary peak,671164,-10,0.3236340284347534
ordinary peak,671164,0,0.33570507168769836
ordinary peak,671164,10,0.38875725865364075
ordinary peak,671164,20,0.44730550050735474
ordinary peak,671164,30,0.4038519859313965
ordinary peak,671164,40,0.3583836257457733
ordinary peak,671164,50,0.27774834632873535
ordinary peak,671164,60,0.2647576928138733
ordinary peak,671164,70,0.2839580178260803
ordinary peak,671164,80,0.28848573565483093
ordinary peak,671164,90,0.34665513038635254
ordinary peak,715235,-90,0.31840476393699646
ordinary peak,715235,-80,0.27532532811164856
ordinary peak,715235,-70,0.24026857316493988
ordinary peak,715235,-60,0.17310830950737
ordinary peak,715235,-50,0.10720956325531006
ordinary peak,715235,-40,0.1827513873577118
ordinary peak,715235,-30,0.15959018468856812
ordinary peak,715235,-20,0.17802953720092773
ordinary peak,715235,-10,0.09460964798927307
ordinary peak,715235,0,0.2610332667827606
ordinary peak,715235,10,0.3007201552391052
ordinary peak,715235,20,0.3213958740234375
ordinary peak,715235,30,0.1996755301952362
ordinary peak,715235,40,0.21176819503307343
ordinary peak,715235,50,0.17377586662769318
ordinary peak,715235,60,0.20601923763751984
ordinary peak,715235,70,0.21002495288848877
ordinary peak,715235,80,0.22286294400691986
ordinary peak,715235,90,0.2527473270893097
ordinary peak,764968,-30,0.24393101036548615
ordinary peak,764968,-20,0.43214091658592224
ordinary peak,764968,-10,0.39563772082328796
ordinary peak,764968,0,0.3701900541782379
ordinary peak,764968,10,0.260666161775589
ordinary peak,764968,20,0.36690497398376465
ordinary peak,764968,30,0.3731135129928589
ordinary peak,764968,40,0.3963719606399536
ordinary peak,764968,50,0.3438681662082672
ordinary peak,764968,60,0.3509359657764435
ordinary peak,764968,70,0.2689897418022156
ordinary peak,764968,80,0.2790551781654358
ordinary peak,764968,90,0.26025524735450745
ordinary peak,809610,0,0.14974960684776306
ordinary peak,809610,10,0.16093479096889496
ordinary peak,809610,20,0.15656842291355133
ordinary peak,809610,30,0.19634917378425598
ordinary peak,809610,40,0.23329471051692963
ordinary peak,809610,50,0.29339075088500977
ordinary peak,809610,60,0.2953600585460663
ordinary peak,809610,70,0.2817750871181488
ordinary peak,809610,80,0.182537242770195
ordinary peak,809610,90,0.1972701996564865
ordinary peak,859987,-60,0.529573917388916
ordinary peak,859987,-50,0.47300034761428833
ordinary peak,859987,-40,0.4507752060890198
ordinary peak,859987,-30,0.3141988515853882
ordinary peak,859987,-20,0.3266534209251404
ordinary peak,859987,-10,0.34558379650115967
ordinary peak,859987,0,0.31351426243782043
ordinary peak,859987,10,0.263155996799469
ordinary peak,859987,20,0.24643991887569427
ordinary peak,859987,30,0.1861889362335205
ordinary peak,859987,40,0.2835974395275116
ordinary peak,859987,50,0.28965285420417786
ordinary peak,859987,60,0.320299357175827
ordinary peak,859987,70,0.32468828558921814
ordinary peak,859987,80,0.3411533534526825
ordinary peak,859987,90,0.34056544303894043
ordinary peak,906223,-70,0.2932095527648926
ordinary peak,906223,-60,0.244894877076149
ordinary peak,906223,-50,0.17611393332481384
ordinary peak,906223,-40,0.19905591011047363
ordinary peak,906223,-30,0.2703772485256195
ordinary peak,906223,-20,0.3582974672317505
ordinary peak,906223,-10,0.3300267457962036
ordinary peak,906223,0,0.3374352753162384
ordinary peak,906223,10,0.2790258228778839
ordinary peak,906223,20,0.198323592543602
ordinary peak,906223,30,0.11208933591842651
ordinary peak,906223,40,0.18729104101657867
ordinary peak,906223,50,0.2984519600868225
ordinary peak,906223,60,0.38195961713790894
ordinary peak,906223,70,0.3747669458389282
ordinary peak,906223,80,0.31364887952804565
ordinary peak,906223,90,0.2557515799999237
ordinary peak,950701,-90,0.21615265309810638
ordinary peak,950701,-80,0.19395193457603455
ordinary peak,950701,-70,0.14528672397136688
ordinary peak,950701,-60,0.16375590860843658
ordinary peak,950701,-50,0.18146589398384094
ordinary peak,950701,-40,0.17443634569644928
ordinary peak,950701,-30,0.2539463937282562
ordinary peak,950701,-20,0.277712881565094
ordinary peak,950701,-10,0.311552494764328
ordinary peak,950701,0,0.2309490442276001
ordinary peak,950701,10,0.21853168308734894
ordinary peak,950701,20,0.18832436203956604
ordinary peak,950701,30,0.1672961711883545
ordinary peak,950701,40,0.19653688371181488
ordinary peak,950701,50,0.24098803102970123
ordinary peak,950701,60,0.315337210893631
ordinary peak,950701,70,0.30078330636024475
ordinary peak,950701,80,0.3463541567325592
ordinary peak,950701,90,0.29971805214881897
ordinary peak,993538,-90,0.25077295303344727
ordinary peak,993538,-80,0.2917507588863373
ordinary peak,993538,-70,0.2906683087348938
ordinary peak,993538,-60,0.27189308404922485
ordinary peak,993538,-50,0.20617923140525818
ordinary peak,993538,-40,0.21248474717140198
ordinary peak,993538,-30,0.18822084367275238
ordinary peak,993538,-20,0.15704810619354248
ordinary peak,993538,-10,0.16182462871074677
ordinary peak,993538,0,0.20298409461975098
ordinary peak,993538,10,0.3322986960411072
ordinary peak,993538,20,0.370855450630188
ordinary peak,993538,30,0.4091576039791107
ordinary peak,993538,40,0.2588971257209778
ordinary peak,993538,50,0.2741986811161041
ordinary peak,993538,60,0.2231803983449936
ordinary peak,993538,70,0.24697571992874146
ordinary peak,993538,80,0.28027209639549255
ordinary peak,993538,90,0.3214263319969177
ordinary peak,1038119,-90,0.307672381401062
ordinary peak,1038119,-80,0.27005258202552795
ordinary peak,1038119,-70,0.25007495284080505
ordinary peak,1038119,-60,0.15446047484874725
ordinary peak,1038119,-50,0.21991781890392303
ordinary peak,1038119,-40,0.26958441734313965
ordinary peak,1038119,-30,0.284137487411499
ordinary peak,1038119,-20,0.3350719213485718
ordinary peak,1038119,-10,0.2216377705335617
ordinary peak,1038119,0,0.24113018810749054
ordinary peak,1038119,10,0.17075730860233307
ordinary peak,1038119,20,0.19061627984046936
ordinary peak,1038119,30,0.26476889848709106
ordinary peak,1038119,40,0.2757737934589386
ordinary peak,1038119,50,0.297238290309906
ordinary peak,1038119,60,0.21787327527999878
ordinary peak,1038119,70,0.15416353940963745
ordinary peak,1038119,80,0.12837521731853485
ordinary peak,1038119,90,0.20678746700286865
ordinary peak,1080313,-90,0.16955332458019257
ordinary peak,1080313,-80,0.17198747396469116
ordinary peak,1080313,-70,0.11366966366767883
ordinary peak,1080313,-60,0.1064724549651146
ordinary peak,1080313,-50,0.17214462161064148
ordinary peak,1080313,-40,0.1661202609539032
ordinary peak,1080313,-30,0.20437507331371307
ordinary peak,1080313,-20,0.14583727717399597
ordinary peak,1080313,-10,0.1671244204044342
ordinary peak,1080313,0,0.21044205129146576
ordinary peak,1080313,10,0.25202080607414246
ordinary peak,1080313,20,0.24429740011692047
ordinary peak,1080313,30,0.3090916574001312
ordinary peak,1080313,40,0.24329954385757446
ordinary peak,1080313,50,0.24505454301834106
ordinary peak,1080313,60,0.11754564940929413
ordinary peak,1080313,70,0.10387282073497772
ordinary peak,1080313,80,0.11293429136276245
ordinary peak,1080313,90,0.13243816792964935
ordinary peak,1125119,-90,0.16246196627616882
ordinary peak,1125119,-80,0.1523062139749527
ordinary peak,1125119,-70,0.15895144641399384
ordinary peak,1125119,-60,0.1642257273197174
ordinary peak,1125119,-50,0.1544571816921234
ordinary peak,1125119,-40,0.12812133133411407
ordinary peak,1125119,-30,0.12104301154613495
ordinary peak,1125119,-20,0.12469349056482315
ordinary peak,1125119,-10,0.09754770249128342
ordinary peak,1125119,0,0.1430007964372635
ordinary peak,1125119,10,0.2238641381263733
ordinary peak,1125119,20,0.2684299647808075
ordinary peak,1125119,30,0.30493780970573425
ordinary peak,1125119,40,0.21510815620422363
ordinary peak,1125119,50,0.2325107455253601
ordinary peak,1125119,60,0.16812580823898315
ordinary peak,1125119,70,0.12603335082530975
ordinary peak,1125119,80,0.09041846543550491
ordinary peak,1125119,90,0.22509552538394928
ordinary peak,1170188,-90,0.4285297393798828
ordinary peak,1170188,-80,0.48825377225875854
ordinary peak,1170188,-70,0.5180894732475281
ordinary peak,1170188,-60,0.5786734819412231
ordinary peak,1170188,-50,0.7082881927490234
ordinary peak,1170188,-40,0.7438008785247803
ordinary peak,1170188,-30,0.7792779207229614
ordinary peak,1170188,-20,0.7010703682899475
ordinary peak,1170188,-10,0.6659221649169922
ordinary peak,1170188,0,0.6248824596405029
ordinary peak,1170188,10,0.636012613773346
ordinary peak,1170188,20,0.6109316349029541
ordinary peak,1170188,30,0.5659112334251404
ordinary peak,1170188,40,0.5581600666046143
ordinary peak,1170188,50,0.5528838634490967
ordinary peak,1170188,60,0.6252515912055969
ordinary peak,1170188,70,0.6948033571243286
ordinary peak,1170188,80,0.6807776093482971
ordinary peak,1170188,90,0.6759437918663025
ordinary peak,1215262,-90,0.3428212106227875
ordinary peak,1215262,-80,0.4791017174720764
ordinary peak,1215262,-70,0.5067630410194397
ordinary peak,1215262,-60,0.5207757949829102
ordinary peak,1215262,-50,0.502926766872406
ordinary peak,1215262,-40,0.46518415212631226
ordinary peak,1215262,-30,0.4173133373260498
ordinary peak,1215262,-20,0.32992929220199585
ordinary peak,1215262,-10,0.4278418719768524
ordinary peak,1215262,0,0.5103484392166138
ordinary peak,1215262,10,0.5850679278373718
ordinary peak,1215262,20,0.596294105052948
ordinary peak,1215262,30,0.5753981471061707
ordinary peak,1215262,40,0.4927423298358917
ordinary peak,1215262,50,0.46189945936203003
ordinary peak,1215262,60,0.5196789503097534
ordinary peak,1215262,70,0.567085325717926
ordinary peak,1215262,80,0.5861101150512695
ordinary peak,1215262,90,0.5047566890716553
ordinary peak,1261515,-90,0.1625685691833496
ordinary peak,1261515,-80,0.16663169860839844
ordinary peak,1261515,-70,0.25125330686569214
ordinary peak,1261515,-60,0.21804162859916687
ordinary peak,1261515,-50,0.228254497051239
ordinary peak,1261515,-40,0.21393203735351562
ordinary peak,1261515,-30,0.148821160197258
ordinary peak,1261515,-20,0.16368751227855682
ordinary peak,1261515,-10,0.15204499661922455
ordinary peak,1261515,0,0.18025654554367065
ordinary peak,1261515,10,0.24858014285564423
ordinary peak,1261515,20,0.24145013093948364
ordinary peak,1261515,30,0.2335011065006256
ordinary peak,1261515,40,0.175010085105896
ordinary peak,1261515,50,0.2023143172264099
ordinary peak,1261515,60,0.18610982596874237
ordinary peak,1261515,70,0.21062584221363068
ordinary peak,1261515,80,0.2056896984577179
ordinary peak,1261515,90,0.26096656918525696
ordinary peak,1307543,-90,0.24894259870052338
ordinary peak,1307543,-80,0.23944693803787231
ordinary peak,1307543,-70,0.25548800826072693
ordinary peak,1307543,-60,0.2842254936695099
ordinary peak,1307543,-50,0.3829207420349121
ordinary peak,1307543,-40,0.35406363010406494
ordinary peak,1307543,-30,0.380808562040329
ordinary peak,1307543,-20,0.3285314738750458
ordinary peak,1307543,-10,0.3263303339481354
ordinary peak,1307543,0,0.2512323260307312
ordinary peak,1307543,10,0.2665763795375824
ordinary peak,1307543,20,0.3268493413925171
ordinary peak,1307543,30,0.3642352223396301
ordinary peak,1307543,40,0.37999385595321655
ordinary peak,1307543,50,0.3669586181640625
ordinary peak,1307543,60,0.3415205478668213
ordinary peak,1307543,70,0.3357471227645874
ordinary peak,1307543,80,0.36418822407722473
ordinary peak,1307543,90,0.2910802662372589
ordinary peak,1350751,-30,0.04051164165139198
ordinary peak,1350751,-20,0.12463492155075073
ordinary peak,1350751,-10,0.18434181809425354
ordinary peak,1350751,0,0.22702115774154663
ordinary peak,1350751,10,0.25293129682540894
ordinary peak,1350751,20,0.17708981037139893
ordinary peak,1350751,30,0.30523768067359924
ordinary peak,1350751,40,0.36209535598754883
ordinary peak,1350751,50,0.4054431617259979
ordinary peak,1350751,60,0.399071604013443
ordinary peak,1350751,70,0.2918400466442108
ordinary peak,1350751,80,0.3039160668849945
ordinary peak,1350751,90,0.26528576016426086
ordinary peak,1395277,-90,0.23361222445964813
ordinary peak,1395277,-80,0.23157767951488495
ordinary peak,1395277,-70,0.19024115800857544
ordinary peak,1395277,-60,0.26551246643066406
ordinary peak,1395277,-50,0.2323325127363205
ordinary peak,1395277,-40,0.2634236216545105
ordinary peak,1395277,-30,0.2024322897195816
ordinary peak,1395277,-20,0.2671729028224945
ordinary peak,1395277,-10,0.3121543824672699
ordinary peak,1395277,0,0.3132731318473816
ordinary peak,1395277,10,0.4130670130252838
ordinary peak,1395277,20,0.4377801716327667
ordinary peak,1395277,30,0.5539871454238892
ordinary peak,1395277,40,0.5129885077476501
ordinary peak,1395277,50,0.5278872847557068
ordinary peak,1395277,60,0.5073482990264893
ordinary peak,1395277,70,0.5279247164726257
ordinary peak,1395277,80,0.5829594731330872
ordinary peak,1395277,90,0.6267073750495911
ordinary peak,1437031,-90,0.1827486753463745
ordinary peak,1437031,-80,0.11821094155311584
ordinary peak,1437031,-70,0.11345939338207245
ordinary peak,1437031,-60,0.10913000255823135
ordinary peak,1437031,-50,0.16637267172336578
ordinary peak,1437031,-40,0.19089069962501526
ordinary peak,1437031,-30,0.20583686232566833
ordinary peak,1437031,-20,0.21833886206150055
ordinary peak,1437031,-10,0.1670672595500946
ordinary peak,1437031,0,0.14201641082763672
ordinary peak,1437031,10,0.1265566647052765
ordinary peak,1437031,20,0.17245103418827057
ordinary peak,1437031,30,0.118264339864254
ordinary peak,1437031,40,0.1341959834098816
ordinary peak,1437031,50,0.13094648718833923
ordinary peak,1437031,60,0.15236274898052216
ordinary peak,1437031,70,0.17581132054328918
ordinary peak,1437031,80,0.14828820526599884
ordinary peak,1437031,90,0.13786399364471436
ordinary peak,1480151,-90,0.28927454352378845
ordinary peak,1480151,-80,0.25096428394317627
ordinary peak,1480151,-70,0.28175151348114014
ordinary peak,1480151,-60,0.24353376030921936
ordinary peak,1480151,-50,0.3286513686180115
ordinary peak,1480151,-40,0.35781848430633545
ordinary peak,1480151,-30,0.3661332428455353
ordinary peak,1480151,-20,0.3330395221710205
ordinary peak,1480151,-10,0.3579590916633606
ordinary peak,1480151,0,0.3015330135822296
ordinary peak,1480151,10,0.31070345640182495
ordinary peak,1480151,20,0.2815641760826111
ordinary peak,1480151,30,0.2370086908340454
ordinary peak,1480151,40,0.2413036823272705
ordinary peak,1480151,50,0.24003124237060547
ordinary peak,1480151,60,0.2758476138114929
ordinary peak,1480151,70,0.2880602777004242
ordinary peak,1480151,80,0.33423280715942383
ordinary peak,1480151,90,0.3496306538581848
ordinary peak,1526741,-70,0.1474691778421402
ordinary peak,1526741,-60,0.10659468919038773
ordinary peak,1526741,-50,0.12109550833702087
ordinary peak,1526741,-40,0.10575516521930695
ordinary peak,1526741,-30,0.11217303574085236
ordinary peak,1526741,-20,0.0636148452758789
ordinary peak,1526741,-10,0.06619299948215485
ordinary peak,1526741,0,0.09335173666477203
ordinary peak,1526741,10,0.10003655403852463
ordinary peak,1526741,20,0.07960528135299683
ordinary peak,1526741,30,0.14423862099647522
ordinary peak,1526741,40,0.1395779550075531
ordinary peak,1526741,50,0.13396452367305756
ordinary peak,1526741,60,0.13194668292999268
ordinary peak,1526741,70,0.21120843291282654
ordinary peak,1526741,80,0.22215421497821808
ordinary peak,1526741,90,0.1802886724472046
ordinary peak,1575948,-90,0.5803078413009644
ordinary peak,1575948,-80,0.5573046207427979
ordinary peak,1575948,-70,0.08647719025611877
ordinary peak,1575948,-60,0.07646092027425766
ordinary peak,1575948,-50,0.10729242861270905
ordinary peak,1575948,-40,0.13591551780700684
ordinary peak,1575948,-30,0.12637002766132355
ordinary peak,1575948,-20,0.22875873744487762
ordinary peak,1575948,-10,0.36941495537757874
ordinary peak,1575948,0,0.33381879329681396
ordinary peak,1575948,10,0.31091171503067017
ordinary peak,1575948,20,0.1153898611664772
ordinary peak,1575948,30,0.1452656090259552
ordinary peak,1575948,40,0.17768867313861847
ordinary peak,1575948,50,0.1852271854877472
ordinary peak,1575948,60,0.21584796905517578
ordinary peak,1575948,70,0.18669956922531128
ordinary peak,1575948,80,0.23739054799079895
ordinary peak,1575948,90,0.1793067306280136
ordinary peak,1619898,-90,0.1974383294582367
ordinary peak,1619898,-80,0.24562199413776398
ordinary peak,1619898,-70,0.2693726420402527
ordinary peak,1619898,-60,0.31479594111442566
ordinary peak,1619898,-50,0.28060171008110046
ordinary peak,1619898,-40,0.17577609419822693
ordinary peak,1619898,-30,0.14520466327667236
ordinary peak,1619898,-20,0.18317486345767975
ordinary peak,1619898,-10,0.26070600748062134
ordinary peak,1619898,0,0.23249466717243195
ordinary peak,1619898,10,0.23756150901317596
ordinary peak,1619898,20,0.3247130811214447
ordinary peak,1619898,30,0.4036652743816376
ordinary peak,1619898,40,0.42263513803482056
ordinary peak,1619898,50,0.4002515375614166
ordinary peak,1619898,60,0.3509557843208313
ordinary peak,1619898,70,0.28188979625701904
ordinary peak,1619898,80,0.24794091284275055
ordinary peak,1619898,90,0.22941027581691742
ordinary peak,1664677,-70,0.4141691327095032
ordinary peak,1664677,-60,0.2905031144618988
ordinary peak,1664677,-50,0.22506271302700043
ordinary peak,1664677,-40,0.19757692515850067
ordinary peak,1664677,-30,0.11843496561050415
ordinary peak,1664677,-20,0.11330531537532806
ordinary peak,1664677,-10,0.07972641289234161
ordinary peak,1664677,0,0.05015743523836136
ordinary peak,1664677,10,0.10620754957199097
ordinary peak,1664677,20,0.14361019432544708
ordinary peak,1664677,30,0.1593427062034607
ordinary peak,1664677,40,0.10681367665529251
ordinary peak,1664677,50,0.07892534881830215
ordinary peak,1664677,60,0.11206623911857605
ordinary peak,1664677,70,0.13189101219177246
ordinary peak,1664677,80,0.1609506458044052
ordinary peak,1664677,90,0.1508048176765442
ordinary peak,1721589,-90,0.27952608466148376
ordinary peak,1721589,-80,0.23531918227672577
ordinary peak,1721589,-70,0.18540138006210327
ordinary peak,1721589,-60,0.07783616334199905
ordinary peak,1721589,-50,0.12858736515045166
ordinary peak,1721589,-40,0.15934208035469055
ordinary peak,1721589,-30,0.20435434579849243
ordinary peak,1721589,-20,0.1872768998146057
ordinary peak,1721589,-10,0.20755580067634583
ordinary peak,1721589,0,0.21333879232406616
ordinary peak,1721589,10,0.22025741636753082
ordinary peak,1721589,20,0.22159641981124878
ordinary peak,1721589,30,0.15404070913791656
ordinary peak,1721589,40,0.13983525335788727
ordinary peak,1721589,50,0.13766582310199738
ordinary peak,1721589,60,0.23302890360355377
ordinary peak,1721589,70,0.24813170731067657
ordinary peak,1721589,80,0.27759361267089844
ordinary peak,1721589,90,0.17494304478168488
ordinary peak,1769961,-80,0.12110672146081924
ordinary peak,1769961,-70,0.2977016866207123
ordinary peak,1769961,-60,0.2539239823818207
ordinary peak,1769961,-50,0.24752244353294373
ordinary peak,1769961,-40,0.08072361350059509
ordinary peak,1769961,-30,0.0654536560177803
ordinary peak,1769961,-20,0.07392493635416031
ordinary peak,1769961,-10,0.12960857152938843
ordinary peak,1769961,0,0.09503017365932465
ordinary peak,1769961,10,0.17232464253902435
ordinary peak,1769961,20,0.17611142992973328
ordinary peak,1769961,30,0.14392106235027313
ordinary peak,1769961,40,0.1365363597869873
ordinary peak,1769961,50,0.1305578052997589
ordinary peak,1769961,60,0.10558951646089554
ordinary peak,1769961,70,0.07636631280183792
ordinary peak,1769961,80,0.09897230565547943
ordinary peak,1769961,90,0.12638963758945465
ordinary peak,1817518,-50,0.39501598477363586
ordinary peak,1817518,-40,0.24635940790176392
ordinary peak,1817518,-30,0.2301182895898819
ordinary peak,1817518,-20,0.07116414606571198
ordinary peak,1817518,-10,0.15694428980350494
ordinary peak,1817518,0,0.20509472489356995
ordinary peak,1817518,10,0.23005308210849762
ordinary peak,1817518,20,0.16788500547409058
ordinary peak,1817518,30,0.1509925127029419
ordinary peak,1817518,40,0.12007882446050644
ordinary peak,1817518,50,0.16168665885925293
ordinary peak,1817518,60,0.1558854877948761
ordinary peak,1817518,70,0.14263999462127686
ordinary peak,1817518,80,0.1653943806886673
ordinary peak,1817518,90,0.19051261246204376
ordinary peak,1863719,-20,0.33302542567253113
ordinary peak,1863719,-10,0.28018343448638916
ordinary peak,1863719,0,0.23476888239383698
ordinary peak,1863719,10,0.1865857094526291
ordinary peak,1863719,20,0.23947931826114655
ordinary peak,1863719,30,0.2793089747428894
ordinary peak,1863719,40,0.32650041580200195
ordinary peak,1863719,50,0.31726309657096863
ordinary peak,1863719,60,0.23571445047855377
ordinary peak,1863719,70,0.12934404611587524
ordinary peak,1863719,80,0.15888428688049316
ordinary peak,1863719,90,0.24431771039962769
ordinary peak,1917996,-90,0.937637984752655
ordinary peak,1917996,-80,0.8854486346244812
ordinary peak,1917996,-70,0.8526074886322021
ordinary peak,1917996,-60,0.2228401005268097
ordinary peak,1917996,-50,0.16986703872680664
ordinary peak,1917996,-40,0.2272043228149414
ordinary peak,1917996,-30,0.20336952805519104
ordinary peak,1917996,-20,0.26580166816711426
ordinary peak,1917996,-10,0.15485429763793945
ordinary peak,1917996,0,0.20586511492729187
ordinary peak,1917996,10,0.2510874271392822
ordinary peak,1917996,20,0.28880754113197327
ordinary peak,1917996,30,0.2373218983411789
ordinary peak,1917996,40,0.23097383975982666
ordinary peak,1917996,50,0.18448494374752045
ordinary peak,1917996,60,0.21105198562145233
ordinary peak,1917996,70,0.1314646452665329
ordinary peak,1917996,80,0.19530560076236725
ordinary peak,1917996,90,0.18751627206802368
ordinary peak,1968348,-90,0.6177240014076233
ordinary peak,1968348,-80,0.6524255275726318
ordinary peak,1968348,-70,0.6197622418403625
ordinary peak,1968348,-60,0.3895171582698822
ordinary peak,1968348,-50,0.44677242636680603
ordinary peak,1968348,-40,0.4630016088485718
ordinary peak,1968348,-30,0.5480726957321167
ordinary peak,1968348,-20,0.47893017530441284
ordinary peak,1968348,-10,0.4625350832939148
ordinary peak,1968348,0,0.4079717993736267
ordinary peak,1968348,10,0.3914357125759125
ordinary peak,1968348,20,0.46287670731544495
ordinary peak,1968348,30,0.45656585693359375
ordinary peak,1968348,40,0.4553767442703247
ordinary peak,1968348,50,0.4520665407180786
ordinary peak,1968348,60,0.5244582891464233
ordinary peak,1968348,70,0.5512106418609619
ordinary peak,1968348,80,0.5434922575950623
ordinary peak,2015640,-90,0.4261786639690399
ordinary peak,2015640,-80,0.42755845189094543
ordinary peak,2015640,-70,0.35039272904396057
ordinary peak,2015640,-60,0.3111850917339325
ordinary peak,2015640,-50,0.3144872188568115
ordinary peak,2015640,-40,0.3395474851131439
ordinary peak,2015640,-30,0.3328392803668976
ordinary peak,2015640,-20,0.32259437441825867
ordinary peak,2015640,-10,0.3044218122959137
ordinary peak,2015640,0,0.3146328032016754
ordinary peak,2015640,10,0.29042065143585205
ordinary peak,2015640,20,0.3436282277107239
ordinary peak,2015640,30,0.3136994242668152
ordinary peak,2015640,40,0.2634856402873993
ordinary peak,2015640,50,0.15689639747142792
ordinary peak,2015640,60,0.2736841142177582
ordinary peak,2015640,70,0.3565778136253357
ordinary peak,2015640,80,0.3726247549057007
ordinary peak,2015640,90,0.4209752380847931
ordinary peak,2060747,-90,0.07620652765035629
ordinary peak,2060747,-80,0.10872966796159744
ordinary peak,2060747,-70,0.16379676759243011
ordinary peak,2060747,-60,0.19049124419689178
ordinary peak,2060747,-50,0.24978797137737274
ordinary peak,2060747,-40,0.29093602299690247
ordinary peak,2060747,-30,0.33555662631988525
ordinary peak,2060747,-20,0.30039259791374207
ordinary peak,2060747,-10,0.2654225528240204
ordinary peak,2060747,0,0.16647040843963623
ordinary peak,2060747,10,0.23910142481327057
ordinary peak,2060747,20,0.27181386947631836
ordinary peak,2060747,30,0.23627395927906036
ordinary peak,2060747,40,0.2043212205171585
ordinary peak,2060747,50,0.15004083514213562
ordinary peak,2060747,60,0.22385773062705994
ordinary peak,2060747,70,0.1939730942249298
ordinary peak,2060747,80,0.19236062467098236
ordinary peak,2060747,90,0.15924137830734253
ordinary peak,2105073,-90,0.08012676239013672
ordinary peak,2105073,-80,0.09867163002490997
ordinary peak,2105073,-70,0.10578596591949463
ordinary peak,2105073,-60,0.10909568518400192
ordinary peak,2105073,-50,0.09285776317119598
ordinary peak,2105073,-40,0.0939529538154602
ordinary peak,2105073,-30,0.1004316434264183
ordinary peak,2105073,-20,0.12546513974666595
ordinary peak,2105073,-10,0.11383051425218582
ordinary peak,2105073,0,0.1164563000202179
ordinary peak,2105073,10,0.06223956122994423
ordinary peak,2105073,20,0.0877230241894722
ordinary peak,2105073,30,0.0945211723446846
ordinary peak,2105073,40,0.12553952634334564
ordinary peak,2105073,50,0.10031858086585999
ordinary peak,2105073,60,0.09438473731279373
ordinary peak,2105073,70,0.10543752461671829
ordinary peak,2105073,80,0.1088130995631218
ordinary peak,2105073,90,0.10398277640342712
ordinary peak,2151780,-90,0.3055412471294403
ordinary peak,2151780,-80,0.22855885326862335
ordinary peak,2151780,-70,0.2217954397201538
ordinary peak,2151780,-60,0.17503897845745087
ordinary peak,2151780,-50,0.27722761034965515
ordinary peak,2151780,-40,0.30720072984695435
ordinary peak,2151780,-30,0.41479453444480896
ordinary peak,2151780,-20,0.3638962507247925
ordinary peak,2151780,-10,0.2979482412338257
ordinary peak,2151780,0,0.24473881721496582
ordinary peak,2151780,10,0.2490220069885254
ordinary peak,2151780,20,0.2522179186344147
ordinary peak,2151780,30,0.23746857047080994
ordinary peak,2151780,40,0.2030426412820816
ordinary peak,2151780,50,0.17832930386066437
ordinary peak,2151780,60,0.18793286383152008
ordinary peak,2151780,70,0.16221420466899872
ordinary peak,2151780,80,0.30122342705726624
ordinary peak,2151780,90,0.328845739364624
ordinary peak,2200035,-90,0.09134043008089066
ordinary peak,2200035,-80,0.10183479636907578
ordinary peak,2200035,-70,0.1226835623383522
ordinary peak,2200035,-60,0.13907857239246368
ordinary peak,2200035,-50,0.12012354284524918
ordinary peak,2200035,-40,0.11288818717002869
ordinary peak,2200035,-30,0.07699677348136902
ordinary peak,2200035,-20,0.08094792813062668
ordinary peak,2200035,-10,0.09943707287311554
ordinary peak,2200035,0,0.18907411396503448
ordinary peak,2200035,10,0.26190197467803955
ordinary peak,2200035,20,0.6183145642280579
ordinary peak,2200035,30,0.6263330578804016
ordinary peak,2200035,40,0.6109291911125183
ordinary peak,2200035,50,0.39694565534591675
ordinary peak,2200035,60,0.3737201690673828
ordinary peak,2200035,70,0.3693400025367737
ordinary peak,2200035,80,0.28080785274505615
ordinary peak,2200035,90,0.238355353474617
ordinary peak,2245959,-90,0.10746725648641586
ordinary peak,2245959,-80,0.08962313830852509
ordinary peak,2245959,-70,0.08122264593839645
ordinary peak,2245959,-60,0.08847080916166306
ordinary peak,2245959,-50,0.1286552995443344
ordinary peak,2245959,-40,0.10191415250301361
ordinary peak,2245959,-30,0.09208495914936066
ordinary peak,2245959,-20,0.06861986964941025
ordinary peak,2245959,-10,0.05111684277653694
ordinary peak,2245959,0,0.045683395117521286
ordinary peak,2245959,10,0.0775357112288475
ordinary peak,2245959,20,0.07045861333608627
ordinary peak,2245959,30,0.06748800724744797
ordinary peak,2245959,40,0.09515877068042755
ordinary peak,2245959,50,0.11151082813739777
ordinary peak,2245959,60,0.10677894204854965
ordinary peak,2245959,70,0.1299338936805725
ordinary peak,2245959,80,0.14019781351089478
ordinary peak,2245959,90,0.139048233628273
ordinary peak,2291818,-90,0.18099281191825867
ordinary peak,2291818,-80,0.27813878655433655
ordinary peak,2291818,-70,0.34763267636299133
ordinary peak,2291818,-60,0.34410181641578674
ordinary peak,2291818,-50,0.4417133927345276
ordinary peak,2291818,-40,0.4667953848838806
ordinary peak,2291818,-30,0.4602363407611847
ordinary peak,2291818,-20,0.33430802822113037
ordinary peak,2291818,-10,0.2227761298418045
ordinary peak,2291818,0,0.29987144470214844
ordinary peak,2291818,10,0.2824881672859192
ordinary peak,2291818,20,0.3040389120578766
ordinary peak,2291818,30,0.2611028552055359
ordinary peak,2291818,40,0.22037240862846375
ordinary peak,2291818,50,0.17808932065963745
ordinary peak,2291818,60,0.16102179884910583
ordinary peak,2291818,70,0.24262653291225433
ordinary peak,2291818,80,0.2719683051109314
ordinary peak,2291818,90,0.24730220437049866
