t,order,variance,autocorr
0.000000000000000000e+00,1.088579598446644259e-01,nan,nan
5.000000000000000278e-02,1.102471207892877780e-01,nan,nan
1.000000000000000056e-01,1.115348947418132036e-01,nan,nan
1.500000000000000222e-01,1.127185721612447844e-01,nan,nan
2.000000000000000111e-01,1.137919949214629550e-01,nan,nan
2.500000000000000000e-01,1.147455596851478937e-01,nan,nan
3.000000000000000444e-01,1.155666348339234872e-01,nan,nan
3.500000000000000333e-01,1.162401687453684385e-01,nan,nan
4.000000000000000222e-01,1.167499914584406856e-01,nan,nan
4.500000000000000111e-01,1.170800584537119715e-01,nan,nan
5.000000000000000000e-01,1.172154684276979775e-01,nan,nan
5.500000000000000444e-01,1.171434061441047336e-01,nan,nan
6.000000000000000888e-01,1.168540102809611514e-01,nan,nan
6.500000000000000222e-01,1.163409736383648752e-01,nan,nan
7.000000000000000666e-01,1.156016946531009670e-01,nan,nan
7.500000000000000000e-01,1.146378682037531016e-01,nan,nan
8.000000000000000444e-01,1.134553941161903223e-01,nan,nan
8.500000000000000888e-01,1.120641045362226196e-01,nan,nan
9.000000000000000222e-01,1.104773691240408112e-01,nan,nan
9.500000000000000666e-01,1.087115900076469910e-01,nan,nan
1.000000000000000000e+00,1.067859210304122342e-01,nan,nan
1.050000000000000044e+00,1.047213720231718048e-01,nan,nan
1.100000000000000089e+00,1.025394341208230586e-01,nan,nan
1.150000000000000133e+00,1.002610848235168522e-01,nan,nan
1.200000000000000178e+00,9.790585782450401953e-02,nan,nan
1.250000000000000000e+00,9.549101721257435837e-02,nan,nan
1.300000000000000044e+00,9.303052637534259262e-02,nan,nan
1.350000000000000089e+00,9.053408369454661597e-02,nan,nan
1.400000000000000133e+00,8.800745111715149727e-02,nan,nan
1.450000000000000178e+00,8.545313140560661935e-02,nan,nan
1.500000000000000000e+00,8.287161745743613916e-02,nan,nan
1.550000000000000044e+00,8.026310332545588677e-02,nan,nan
1.600000000000000089e+00,7.762960063591893556e-02,nan,nan
1.650000000000000133e+00,7.497798706560197812e-02,nan,nan
1.700000000000000178e+00,7.232177046891008487e-02,nan,nan
1.750000000000000000e+00,6.968377160115762914e-02,nan,nan
1.800000000000000044e+00,6.709767684304039637e-02,nan,nan
1.850000000000000089e+00,6.460788304232599477e-02,nan,nan
1.900000000000000133e+00,6.226842362033457867e-02,nan,nan
1.950000000000000178e+00,6.014081465784621577e-02,nan,nan
2.000000000000000000e+00,5.829084115068573074e-02,nan,nan
2.050000000000000266e+00,5.678407369850661801e-02,nan,nan
2.100000000000000089e+00,5.567976564811377010e-02,nan,nan
2.149999999999999911e+00,5.502506682922672643e-02,nan,nan
2.200000000000000178e+00,5.485012222126161435e-02,nan,nan
2.250000000000000000e+00,5.516516054686278203e-02,nan,nan
2.300000000000000266e+00,5.596041197201990364e-02,nan,nan
2.350000000000000089e+00,5.720841863753020617e-02,nan,nan
2.400000000000000355e+00,5.886886520269676848e-02,nan,nan
2.450000000000000178e+00,6.089341133444335641e-02,5.527972002677233572e-04,9.980578842629652669e-01
2.500000000000000000e+00,6.323047709344839507e-02,5.601096006577411428e-04,9.979505333332122641e-01
2.550000000000000266e+00,6.582903596591549444e-02,5.620857810197550913e-04,9.978110566924912606e-01
2.600000000000000089e+00,6.864103931220910670e-02,5.589789843457055457e-04,9.976388412899372948e-01
2.650000000000000355e+00,7.162267015961709671e-02,5.511982172743215037e-04,9.974312503462647861e-01
2.700000000000000178e+00,7.473440412752989370e-02,5.392818839222526285e-04,9.971838587064117965e-01
2.750000000000000000e+00,7.794057144672240922e-02,5.238739853346774606e-04,9.968907144694030276e-01
2.800000000000000266e+00,8.120940558129273457e-02,5.057024734801574429e-04,9.965446195725234935e-01
2.850000000000000089e+00,8.451248495624931467e-02,4.855596631102679123e-04,9.961378234924352926e-01
2.900000000000000355e+00,8.782415836621625116e-02,4.642830703721563036e-04,9.956632618565720572e-01
2.950000000000000178e+00,9.112107848325655401e-02,4.427358073510322557e-04,9.951166233724322296e-01
3.000000000000000000e+00,9.438186767807074662e-02,4.217861735195816818e-04,9.944995275508983212e-01
3.050000000000000266e+00,9.758711925344476512e-02,4.022863806909044359e-04,9.938237784513739292e-01
3.100000000000000089e+00,1.007187368979921699e-01,3.850501610283638826e-04,9.931162204357161238e-01
3.150000000000000355e+00,1.037599473819577484e-01,3.708300501933848204e-04,9.924221554443617421e-01
3.200000000000000178e+00,1.066950414527701313e-01,3.602953174606044135e-04,9.918045440043402605e-01
3.250000000000000000e+00,1.095088887897216479e-01,3.540102234758594341e-04,9.913358701111099069e-01
3.300000000000000266e+00,1.121865129509448666e-01,3.524141353490250149e-04,9.910821221206217446e-01
3.350000000000000089e+00,1.147127695765444572e-01,3.558044739611976922e-04,9.910834446103183870e-01
3.400000000000000355e+00,1.170726312896296223e-01,3.643241204259755239e-04,9.913402970439304518e-01
3.450000000000000178e+00,1.192499613725741120e-01,3.779519249763738293e-04,9.918129707673282169e-01
3.500000000000000000e+00,1.212283840592982970e-01,3.964992702313855266e-04,9.924345452216905006e-01
3.550000000000000266e+00,1.229918014393235198e-01,4.196134709895029281e-04,9.931305477297930340e-01
3.600000000000000089e+00,1.245243044120988019e-01,4.467873100552838869e-04,9.938358151251049932e-01
3.650000000000000355e+00,1.258101484309319951e-01,4.773736488951007498e-04,9.945033340463376170e-01
3.700000000000000178e+00,1.268338247163693921e-01,5.106043334878298048e-04,9.951053201329013165e-01
3.750000000000000000e+00,1.275806996624420098e-01,5.456132995724452149e-04,9.956297427944467149e-01
3.800000000000000266e+00,1.280385523871219455e-01,5.814643472112098312e-04,9.960754591893591359e-01
3.850000000000000089e+00,1.281967589740108660e-01,6.171778964779475437e-04,9.964475366731083694e-01
3.900000000000000355e+00,1.280484157164771264e-01,6.517599496467161007e-04,9.967539909926043107e-01
3.950000000000000178e+00,1.275907944104307523e-01,6.842294024531975693e-04,9.970036458367156351e-01
4.000000000000000000e+00,1.268254954809143187e-01,7.136426207262064466e-04,9.972049024863128830e-01
4.049999999999999822e+00,1.257584427508829927e-01,7.391151275846922011e-04,9.973651092519502104e-01
4.100000000000000533e+00,1.243997416974436943e-01,7.598409600700886581e-04,9.974902095602006247e-01
4.150000000000000355e+00,1.227642929838177049e-01,7.751124395707057911e-04,9.975847417189110944e-01
4.200000000000000178e+00,1.208716077944659573e-01,7.843401168819920562e-04,9.976517168470301344e-01
4.250000000000000000e+00,1.187437125963327483e-01,7.870729659794227420e-04,9.976923817668335026e-01
4.299999999999999822e+00,1.164043003507602980e-01,7.830223046976638812e-04,9.977060977247268481e-01
4.350000000000000533e+00,1.138779974053778371e-01,7.720890146664952320e-04,9.976901384536864814e-01
4.400000000000000355e+00,1.111896779493772303e-01,7.543923755064346455e-04,9.976394010945548452e-01
4.450000000000000178e+00,1.083638746186229435e-01,7.302970868473327966e-04,9.975460370323221415e-01
4.500000000000000000e+00,1.054242109061753058e-01,7.004334535023720287e-04,9.973990615295637019e-01
4.549999999999999822e+00,1.023928025702924016e-01,6.657042820913534583e-04,9.971840943183474248e-01
4.600000000000000533e+00,9.929139658753920183e-02,6.272710394999148325e-04,9.968835231122539220e-01
4.650000000000000355e+00,9.614219131964996112e-02,5.865144758337365646e-04,9.964773546412664107e-01
4.700000000000000178e+00,9.296835733228910048e-02,5.449693885156578705e-04,9.959454612257342410e-01
4.750000000000000000e+00,8.979441441022893711e-02,5.042392327864748513e-04,9.952723285043475476e-01
4.800000000000000711e+00,8.664640298267597962e-02,4.659014141881332371e-04,9.944555897668763134e-01
4.850000000000000533e+00,8.355225122712099661e-02,4.314148658356630134e-04,9.935187698601629647e-01
4.900000000000000355e+00,8.054196665222118634e-02,4.020413688627471585e-04,9.925256009113817557e-01
4.950000000000000178e+00,7.764630303059913419e-02,3.787868457929167033e-04,9.915871554954379663e-01
5.000000000000000000e+00,7.489580764815262359e-02,3.623652569176356755e-04,9.908493829545754750e-01
5.050000000000000711e+00,7.231918154650059105e-02,3.531846246406948392e-04,9.904533746922143944e-01
5.100000000000000533e+00,6.994154662173256154e-02,3.513522379237605337e-04,9.904810433223939503e-01
5.150000000000000355e+00,6.778276614572727177e-02,3.566954860185910132e-04,9.909189252328132191e-01
5.200000000000000178e+00,6.585578103559623642e-02,3.687945921573827323e-04,9.916665981479880765e-01
5.250000000000000000e+00,6.416564387387153900e-02,3.870235217441010049e-04,9.925829102615978394e-01
5.300000000000000711e+00,6.270853655858661668e-02,4.105972619723704587e-04,9.935368952578249591e-01
5.350000000000000533e+00,6.147166690047550786e-02,4.386207837731243898e-04,9.944370648871637686e-01
5.400000000000000355e+00,6.043422696626495061e-02,4.701355987357533567e-04,9.952354569994789069e-01
5.450000000000000178e+00,5.956893228885561109e-02,5.041610922993561327e-04,9.959172800318936147e-01
5.500000000000000000e+00,5.884383408574187652e-02,5.397289531109245551e-04,9.964875290859652734e-01
5.550000000000000711e+00,5.822412831342916456e-02,5.759101539123292861e-04,9.969602683291127754e-01
5.600000000000000533e+00,5.767459107825902848e-02,6.118332275645611568e-04,9.973520359007895797e-01
5.650000000000000355e+00,5.716156898329215891e-02,6.466954659624474201e-04,9.976784458607115269e-01
5.700000000000000178e+00,5.665467227065356520e-02,6.797683114814685214e-04,9.979528039142083751e-01
5.750000000000000000e+00,5.612820603885035342e-02,7.103985341924641322e-04,9.981858232008576914e-01
5.800000000000000711e+00,5.556247932750368185e-02,7.380065677969953287e-04,9.983858373102798556e-01
5.850000000000000533e+00,5.494477191061064580e-02,7.620834850624399635e-04,9.985592402334897422e-01
5.900000000000000355e+00,5.427027741857379933e-02,7.821867780093125005e-04,9.987107923955450550e-01
5.950000000000000178e+00,5.354337367219878796e-02,7.979361232824225313e-04,9.988440582839964721e-01
6.000000000000000000e+00,5.277847505840690956e-02,8.090085085584190674e-04,9.989617350680312091e-01
6.050000000000000711e+00,5.200077512600506657e-02,8.151327783893634778e-04,9.990658528589215770e-01
6.100000000000000533e+00,5.124675296132145258e-02,8.160847400840303160e-04,9.991579019364104086e-01
6.150000000000000355e+00,5.056444416147698462e-02,8.116837069588589675e-04,9.992388689921982703e-01
6.200000000000000178e+00,5.001227241518409194e-02,8.017932530338726894e-04,9.993092060033814672e-01
6.250000000000000000e+00,4.965661048702960795e-02,7.863277884640780665e-04,9.993687176257421978e-01
6.300000000000000711e+00,4.956774559071143449e-02,7.652657488378880732e-04,9.994161390613618412e-01
6.350000000000000533e+00,4.981310421112662701e-02,7.386765126423114813e-04,9.994488112050284867e-01
6.400000000000000355e+00,5.044934464455843454e-02,7.067545690502281385e-04,9.994622005653893693e-01
6.450000000000000178e+00,5.151488070432350130e-02,6.698578676139299668e-04,9.994494066164970603e-01
6.500000000000000000e+00,5.302471920067101246e-02,6.285412459518019326e-04,9.994006252379533661e-01
6.550000000000000711e+00,5.496836987457680290e-02,5.835748089359726843e-04,9.993024481650839563e-01
6.600000000000000533e+00,5.731203017026496177e-02,5.359386070853223516e-04,9.991367599076622641e-01
6.650000000000000355e+00,6.000444433014155698e-02,4.867890560673539431e-04,9.988787889130888997e-01
6.700000000000000178e+00,6.298424395422971833e-02,4.374031441120569230e-04,9.984940542586395740e-01
6.750000000000000000e+00,6.618716491370255084e-02,3.891133410546077998e-04,9.979346633905475938e-01
6.800000000000000711e+00,6.955212629346516073e-02,3.432408183964248747e-04,9.971361911174456694e-01
6.850000000000000533e+00,7.302632475037582060e-02,3.010357283084091938e-04,9.960187882204811771e-01
6.900000000000000355e+00,7.656853059638979442e-02,2.636311482774916955e-04,9.945015583409063664e-01
6.950000000000000178e+00,8.014998618160537602e-02,2.320134248278085004e-04,9.925465088131171232e-01
7.000000000000000000e+00,8.375435913144035904e-02,2.070087641722832394e-04,9.902465884637127180e-01
7.050000000000000711e+00,8.737654703800448730e-02,1.892838514269458167e-04,9.879346285529808647e-01
7.100000000000000533e+00,9.102077362935638571e-02,1.793545316195105431e-04,9.861967292078112068e-01
7.150000000000000355e+00,9.469807068211012757e-02,1.775999242300704513e-04,9.856357266880150236e-01
7.200000000000000178e+00,9.842370449829232482e-02,1.842796262542215513e-04,9.864645955232977936e-01
7.250000000000000000e+00,1.022150682852380338e-01,1.995524359602058456e-04,9.883368985567272391e-01
7.300000000000000711e+00,1.060886633089237197e-01,2.234935690925335513e-04,9.906205944903189176e-01
7.350000000000000533e+00,1.100585061786324148e-01,2.561103377560670783e-04,9.927887163781951019e-01
7.400000000000000355e+00,1.141349221082648135e-01,2.973562371683936248e-04,9.945815153640431561e-01
7.450000000000000178e+00,1.183236474407880212e-01,3.471439670873849520e-04,9.959516151005349816e-01
7.500000000000000000e+00,1.226251599666416670e-01,4.053558655638651951e-04,9.969548512979311550e-01
7.550000000000000711e+00,1.270334487015354896e-01,4.718490494654629095e-04,9.976746233296106547e-01
7.600000000000000533e+00,1.315361369417731296e-01,5.464559933859784550e-04,9.981876365864024159e-01
7.650000000000000355e+00,1.361146366022767951e-01,6.289791536905422770e-04,9.985540254826208439e-01
7.700000000000000178e+00,1.407443751437849611e-01,7.191786265985114718e-04,9.988176323517965471e-01
7.750000000000000000e+00,1.453953769094783466e-01,8.167533011180895877e-04,9.990093408365094962e-01
7.800000000000000711e+00,1.500330447648893784e-01,9.213163847708225572e-04,9.991505258388597710e-01
7.850000000000000533e+00,1.546190884308936697e-01,1.032367013179866016e-03,9.992558373998480237e-01
7.900000000000000355e+00,1.591126777497161859e-01,1.149261068221836546e-03,9.993352791481890929e-01
7.950000000000000178e+00,1.634710354413694000e-01,1.271182352314882387e-03,9.993956798748157011e-01
8.000000000000000000e+00,1.676506052770148913e-01,1.397118626313537853e-03,9.994417424654935544e-01
8.050000000000000711e+00,1.716089595499689646e-01,1.525847465571428078e-03,9.994767703377215318e-01
8.099999999999999645e+00,1.753058035478339549e-01,1.655931886589438393e-03,9.995031449127990131e-01
8.150000000000000355e+00,1.787039762479797345e-01,1.785727035031279501e-03,9.995226437018112087e-01
8.200000000000001066e+00,1.817704588537274457e-01,1.913398754062607026e-03,9.995366472084802334e-01
8.250000000000000000e+00,1.844776724807575541e-01,2.036955315598216847e-03,9.995462762079612151e-01
8.300000000000000711e+00,1.868054910038832728e-01,2.154294735088068281e-03,9.995525002991182406e-01
8.349999999999999645e+00,1.887407109541694716e-01,2.263257732923191611e-03,9.995561423293510828e-01
8.400000000000000355e+00,1.902798085648916282e-01,2.361696912397615727e-03,9.995579473909060875e-01
8.450000000000001066e+00,1.914293089513029178e-01,2.447553040472771717e-03,9.995585739004562154e-01
8.500000000000000000e+00,1.922055881246466369e-01,2.518934551182024518e-03,9.995585627352855385e-01
8.550000000000000711e+00,1.926344184771972556e-01,2.574198118833196519e-03,9.995582965963812905e-01
8.599999999999999645e+00,1.927502620029448444e-01,2.612028060790825678e-03,9.995579485681944654e-01
8.650000000000000355e+00,1.925959125419935691e-01,2.631514157169126400e-03,9.995574656576530215e-01
8.700000000000001066e+00,1.922218457356452137e-01,2.632221570074895402e-03,9.995565715677775520e-01
8.750000000000000000e+00,1.916833593178657313e-01,2.614240549586495117e-03,9.995547582124523212e-01
8.800000000000000711e+00,1.910383883289846207e-01,2.578210985862246490e-03,9.995513842268949345e-01
8.849999999999999645e+00,1.903452728143329442e-01,2.525309759940423844e-03,9.995458226875637564e-01
8.900000000000000355e+00,1.896604455475133233e-01,2.457193206190698507e-03,9.995376113617847613e-01
8.950000000000001066e+00,1.890361273892857130e-01,2.375894410675026460e-03,9.995265499245168384e-01
9.000000000000000000e+00,1.885177621059829223e-01,2.283684773409424412e-03,9.995127152575989937e-01
9.050000000000000711e+00,1.881415075723378572e-01,2.182916998946334963e-03,9.994963823604965381e-01
9.099999999999999645e+00,1.879331263741458591e-01,2.075875684261682501e-03,9.994779088013939772e-01
9.150000000000000355e+00,1.879066382850731187e-01,1.964655731785077894e-03,9.994576131990843271e-01
9.200000000000001066e+00,1.880645650480915476e-01,1.851081699006537412e-03,9.994357169468555124e-01
9.250000000000000000e+00,1.883987440095186150e-01,1.736669227106186434e-03,9.994123372895694635e-01
9.300000000000000711e+00,1.888916530418891793e-01,1.622622814135600512e-03,9.993875066783279859e-01
9.349999999999999645e+00,1.895184321760424173e-01,1.509863148576029912e-03,9.993612095239423621e-01
9.400000000000000355e+00,1.902494721802256428e-01,1.399073794928221799e-03,9.993334270937530572e-01
9.450000000000001066e+00,1.910519206601848929e-01,1.290753760238512720e-03,9.993041422239381522e-01
9.500000000000000000e+00,1.918937695034254043e-01,1.185273370844663931e-03,9.992733246480166587e-01
9.550000000000000711e+00,1.927451591282228760e-01,1.082924324572398555e-03,9.992408732219881795e-01
9.600000000000001421e+00,1.935789710528255103e-01,9.839605060988681953e-04,9.992065518657904377e-01
9.650000000000000355e+00,1.943709519860334356e-01,8.886274160191923090e-04,9.991699202812063252e-01
9.700000000000001066e+00,1.950994155979500766e-01,7.971802031372986295e-04,9.991302404312906171e-01
9.750000000000000000e+00,1.957446200509952716e-01,7.098920759038780713e-04,9.990864339322453880e-01
9.800000000000000711e+00,1.962873542973173624e-01,6.270506576580229651e-04,9.990369781036942953e-01
9.850000000000001421e+00,1.967070947294075611e-01,5.489473663069236375e-04,9.989797398818748286e-01
9.900000000000000355e+00,1.969816548736746387e-01,4.758634207410624133e-04,9.989116731871516830e-01
9.950000000000001066e+00,1.970871871243449203e-01,4.080545181736768522e-04,9.988282605007827719e-01
1.000000000000000000e+01,1.969987376545859481e-01,3.457360796483090236e-04,9.987225582765931753e-01
1.005000000000000071e+01,1.966913229205391189e-01,2.890689743140359902e-04,9.985832090231399061e-01
1.010000000000000142e+01,1.961415108679771535e-01,2.381499987130330359e-04,9.983905579147094311e-01
1.015000000000000036e+01,1.953300506467886832e-01,1.930076371734170597e-04,9.981090080730932179e-01
1.020000000000000107e+01,1.942416199000676358e-01,1.536015503234226917e-04,9.976711842744191427e-01
1.025000000000000000e+01,1.928660481032772600e-01,1.198271706885910856e-04,9.969448974304844224e-01
1.030000000000000071e+01,1.911978152773991801e-01,9.152456534684944001e-05,9.956634481858109842e-01
1.035000000000000142e+01,1.892347466166040271e-01,6.849140953345012614e-05,9.932854911207639192e-01
1.040000000000000036e+01,1.869765186132179013e-01,5.050024035985430825e-05,9.887717917234147835e-01
1.045000000000000107e+01,1.844232527911921216e-01,3.731907095022803285e-05,9.805596233843580922e-01
1.050000000000000000e+01,1.815750330558008330e-01,2.873563822405803654e-05,9.681918785576348885e-01
1.055000000000000071e+01,1.784328261748893418e-01,2.458395542397360443e-05,9.571752225427000438e-01
1.060000000000000142e+01,1.749977555129057227e-01,2.477056385882579574e-05,9.577382837265027149e-01
1.065000000000000036e+01,1.712727311748981074e-01,2.929781495648208344e-05,9.691103987882863091e-01
1.070000000000000107e+01,1.672634423794362724e-01,3.828199866652031076e-05,9.809962457979288786e-01
1.075000000000000000e+01,1.629792263775859951e-01,5.196440657144118586e-05,9.887144331265502739e-01
1.080000000000000071e+01,1.584337569080921659e-01,7.071364036466823227e-05,9.929734461911331467e-01
1.085000000000000142e+01,1.536454959108509155e-01,9.501764011305414395e-05,9.952736250888997160e-01
1.090000000000000036e+01,1.486384611536526457e-01,1.254649675692860755e-04,9.965708304630465086e-01
1.095000000000000107e+01,1.434419336836268433e-01,1.627160900365302930e-04,9.973550948938890715e-01
1.100000000000000000e+01,1.380890441289382709e-01,2.074682997895801095e-04,9.978654864194402840e-01
1.105000000000000071e+01,1.326158816350761493e-01,2.604162011999009460e-04,9.982195616148880069e-01
1.110000000000000142e+01,1.270604931412683547e-01,3.222105700224819815e-04,9.984772087000504115e-01
1.115000000000000036e+01,1.214618039080664208e-01,3.934180373012492542e-04,9.986706747351372648e-01
1.120000000000000107e+01,1.158585232187616942e-01,4.744837559370327414e-04,9.988186893848832737e-01
1.125000000000000000e+01,1.102880904474125290e-01,5.656997056213742842e-04,9.989331819966066339e-01
1.130000000000000071e+01,1.047856009114336157e-01,6.671799211052278477e-04,9.990224768971102121e-01
1.135000000000000142e+01,9.938350216206018328e-02,7.788411930758335931e-04,9.990927775021616331e-01
1.140000000000000036e+01,9.411101658523468583e-02,9.003900443855548464e-04,9.991489114220475365e-01
1.145000000000000107e+01,8.899376169454584207e-02,1.031315405063418884e-03,9.991946952960173434e-01
1.150000000000000000e+01,8.405386182585961041e-02,1.170885648831906586e-03,9.992331057819185958e-01
1.155000000000000071e+01,7.931024428093089162e-02,1.318149730284320876e-03,9.992663908859180655e-01
1.160000000000000142e+01,7.477906157073949123e-02,1.471941774719892669e-03,9.992961553709232003e-01
1.165000000000000036e+01,7.047403248859102076e-02,1.630890818420572489e-03,9.993234620906938925e-01
1.170000000000000107e+01,6.640747735254823314e-02,1.793433307260812373e-03,9.993489150132819354e-01
1.175000000000000000e+01,6.259119102742266572e-02,1.957829451569369043e-03,9.993727579107437586e-01
1.180000000000000071e+01,5.903763600945031997e-02,2.122182491058735142e-03,9.993949650192214262e-01
1.185000000000000142e+01,5.576112896304422778e-02,2.284460257461313863e-03,9.994153294756029648e-01
1.190000000000000036e+01,5.277879805118058931e-02,2.442518552440284350e-03,9.994335180265765395e-01
1.195000000000000107e+01,5.011097869869028665e-02,2.594129127270405726e-03,9.994491667533856871e-01
1.200000000000000000e+01,4.778079025067993174e-02,2.737009664855475245e-03,9.994619162839516457e-01
1.205000000000000071e+01,4.581259307465579411e-02,2.868861956841881229e-03,9.994714379113512903e-01
1.210000000000000142e+01,4.422890641062395684e-02,2.987423574712209148e-03,9.994774695224456496e-01
1.215000000000000036e+01,4.304632223916995265e-02,3.090535065090879892e-03,9.994798563023546967e-01
1.220000000000000107e+01,4.227121761428936919e-02,3.176220385623728260e-03,9.994785908087441273e-01
1.225000000000000000e+01,4.189614115937519839e-02,3.242773869545073542e-03,9.994738337023426622e-01
1.230000000000000071e+01,4.189858162309338663e-02,3.288842354280174796e-03,9.994658869486305885e-01
1.235000000000000142e+01,4.224248079261225253e-02,3.313491595920006055e-03,9.994551473075569126e-01
1.240000000000000036e+01,4.288191488233567689e-02,3.316245811338134480e-03,9.994420283495150104e-01
1.245000000000000107e+01,4.376659931364837441e-02,3.297096142795772830e-03,9.994268589665473712e-01
1.250000000000000000e+01,4.484725266492291251e-02,3.256481976960588689e-03,9.994098009073640876e-01
1.255000000000000071e+01,4.607972728697776188e-02,3.195252510350945520e-03,9.993908065388055206e-01
1.260000000000000142e+01,4.742739599031313424e-02,3.114615809255521367e-03,9.993696378926005819e-01
1.265000000000000036e+01,4.886116751815068604e-02,3.016079497360634083e-03,9.993458710170634030e-01
1.270000000000000107e+01,5.035793288752724028e-02,2.901396511895813594e-03,9.993189570001519417e-01
1.275000000000000000e+01,5.189884922036416132e-02,2.772510107566721754e-03,9.992882390481290233e-01
1.280000000000000071e+01,5.346661664405334691e-02,2.631504939099057853e-03,9.992529642945174873e-01
1.285000000000000142e+01,5.504304108410543878e-02,2.480565169668615209e-03,9.992122747876169830e-01
1.290000000000000036e+01,5.660709109571492731e-02,2.321938443661017600e-03,9.991651791772322433e-01
1.295000000000000107e+01,5.813384451927218477e-02,2.157903508334383779e-03,9.991105177965403650e-01
1.300000000000000000e+01,5.959402502749253094e-02,1.990737251214171229e-03,9.990469510758908100e-01
1.305000000000000071e+01,6.095441221659142483e-02,1.822675459385528262e-03,9.989728643269369934e-01
1.310000000000000142e+01,6.217977382814636467e-02,1.655874038296953604e-03,9.988862809431209300e-01
1.315000000000000036e+01,6.323401853216105428e-02,1.492365290671515340e-03,9.987847534149751905e-01
1.320000000000000107e+01,6.408150286323803513e-02,1.334014076273554649e-03,9.986652051384585782e-01
1.325000000000000000e+01,6.468864951507077854e-02,1.182476821610389545e-03,9.985236879637026108e-01
1.330000000000000071e+01,6.502565765315510005e-02,1.039166619307903142e-03,9.983550171053441336e-01
1.335000000000000142e+01,6.506650717695271202e-02,9.052277443904499813e-04,9.981523178693834097e-01
1.340000000000000036e+01,6.479100457894042264e-02,7.815188825993225463e-04,9.979061949810070775e-01
1.345000000000000107e+01,6.418476718017490645e-02,6.686098824569082413e-04,9.976034664035503541e-01
1.350000000000000000e+01,6.323875436496263769e-02,5.667943749501560147e-04,9.972252381049035996e-01
1.355000000000000071e+01,6.194860887142882022e-02,4.761143976133258657e-04,9.967438957988307147e-01
1.360000000000000142e+01,6.031402969650424828e-02,3.963949338916797544e-04,9.961184838670716912e-01
1.365000000000000036e+01,5.833928479861755223e-02,3.272857947654650500e-04,9.952880424146126614e-01
1.370000000000000107e+01,5.603122309588712269e-02,2.683083802058426463e-04,9.941630289578143875e-01
1.375000000000000000e+01,5.339976474755829539e-02,2.189041244862510770e-04,9.926180798515259474e-01
1.380000000000000071e+01,5.045809708611848771e-02,1.784819643217368029e-04,9.904979553871074982e-01
1.385000000000000142e+01,4.722278566758139617e-02,1.464608628461743151e-04,9.876669861968684350e-01
1.390000000000000036e+01,4.371426508725766158e-02,1.223059056396365958e-04,9.841541717414193924e-01
1.395000000000000107e+01,3.995791724312797166e-02,1.055554131687001145e-04,9.804097133693556732e-01
1.400000000000000000e+01,3.598638406364471770e-02,9.583570924219391200e-05,9.774700268949797488e-01
1.405000000000000071e+01,3.184524661991643135e-02,9.285835056294752430e-05,9.765604102528822050e-01
1.410000000000000142e+01,2.759972708982375011e-02,9.639438758056197685e-05,9.781261524754252257e-01
1.415000000000000036e+01,2.334992158220440192e-02,1.062114787267577290e-04,9.813929205740933304e-01
1.420000000000000107e+01,1.926467245036590781e-02,1.219408399198065044e-04,9.850846571291300702e-01
1.425000000000000000e+01,1.565471947610608261e-02,1.428062869501174907e-04,9.882855565735966241e-01
1.430000000000000071e+01,1.309337794442624360e-02,1.671426021050248620e-04,9.905907337654402678e-01
1.435000000000000142e+01,1.237879901877827690e-02,1.920346578801049645e-04,9.918284713713277911e-01
1.440000000000000036e+01,1.385554800711241187e-02,2.142587707085972777e-04,9.920404414156883677e-01
1.445000000000000107e+01,1.696007122583647816e-02,2.319417614845268498e-04,9.916387091857699065e-01
1.450000000000000000e+01,2.094576047585975168e-02,2.447234085325102515e-04,9.910049838597826399e-01
1.455000000000000071e+01,2.534247236057958139e-02,2.530918437300113061e-04,9.902923868231834348e-01
1.460000000000000142e+01,2.989726820088238826e-02,2.578996686329311592e-04,9.895439470404971960e-01
1.465000000000000036e+01,3.446670456995232917e-02,2.601180812597809599e-04,9.887781009834164525e-01
1.470000000000000107e+01,3.895997900408077613e-02,2.607122765167629039e-04,9.880171670829458463e-01
1.475000000000000000e+01,4.331308012296913867e-02,2.605718156118677262e-04,9.872933298679652525e-01
1.480000000000000071e+01,4.747686628496333022e-02,2.604680406777450542e-04,9.866464488531616617e-01
1.485000000000000142e+01,5.141034847030527544e-02,2.610277003925185520e-04,9.861183131771078525e-01
1.490000000000000036e+01,5.507845304837537259e-02,2.627187601652859164e-04,9.857446405362152442e-01
1.495000000000000107e+01,5.845179514037830704e-02,2.658475679688600854e-04,9.855474953864922227e-01
1.500000000000000000e+01,6.150611434869942412e-02,2.705656985206401021e-04,9.855308367509925116e-01
1.505000000000000071e+01,6.422201620753549556e-02,2.768840687502118771e-04,9.856802399551467531e-01
1.510000000000000142e+01,6.658482105976709642e-02,2.846918137352839103e-04,9.859665902568210960e-01
1.515000000000000036e+01,6.858441727482485206e-02,2.937777666860912984e-04,9.863522195514647928e-01
1.520000000000000107e+01,7.021595828762766667e-02,3.038538443946659298e-04,9.867974088954691858e-01
1.525000000000000000e+01,7.147890288057191788e-02,3.145779926899161289e-04,9.872656588476625972e-01
1.530000000000000071e+01,7.237672050158895642e-02,3.255765524812750857e-04,9.877267039519272984e-01
1.535000000000000142e+01,7.291626550407002971e-02,3.364654481416440041e-04,9.881575091948260336e-01
1.540000000000000036e+01,7.310681874666609403e-02,3.468697208232560938e-04,9.885418270157977361e-01
1.545000000000000107e+01,7.295938242102249782e-02,3.564415124687660293e-04,9.888689956890558408e-01
1.550000000000000000e+01,7.248681077046273402e-02,3.648771780210047807e-04,9.891326288836894687e-01
1.555000000000000071e+01,7.170365695529613836e-02,3.719327815538518039e-04,9.893295284612633189e-01
1.560000000000000142e+01,7.062664524545278488e-02,3.774373532301869062e-04,9.894588730259230580e-01
1.565000000000000036e+01,6.927507336459798326e-02,3.813031943649028530e-04,9.895217694946453202e-01
1.570000000000000107e+01,6.767090194671455949e-02,3.835320038788153597e-04,9.895211139243583753e-01
1.575000000000000000e+01,6.583861862940866561e-02,3.842157108414280715e-04,9.894616807594021068e-01
1.580000000000000071e+01,6.380485377913741596e-02,3.835312830675752368e-04,9.893503449048838272e-01
1.585000000000000142e+01,6.159780114594484018e-02,3.817303700831836005e-04,9.891964056137403372e-01
1.590000000000000036e+01,5.924539959803323819e-02,3.791226250704927275e-04,9.890116695274790981e-01
1.595000000000000107e+01,5.677462803297711469e-02,3.760557280726624114e-04,9.888104839266275148e-01
1.600000000000000000e+01,5.421152152622336212e-02,3.728937499738074041e-04,9.886095720739911386e-01
1.605000000000000071e+01,5.158204736792476597e-02,3.699948846298922972e-04,9.884275531810509108e-01
1.610000000000000142e+01,4.891456498859623331e-02,3.676887577690675130e-04,9.882840321665899985e-01
1.615000000000000213e+01,4.624336126677525138e-02,3.662519977794726519e-04,9.881984703533019943e-01
1.619999999999999929e+01,4.361398303439839585e-02,3.658815048524551180e-04,9.881886042666369052e-01
1.625000000000000000e+01,4.109019876258401816e-02,3.666616500783366527e-04,9.882686276145773441e-01
1.630000000000000071e+01,3.876006604668252864e-02,3.685240950043363315e-04,9.884469600898618813e-01
1.635000000000000142e+01,3.674034552106650309e-02,3.712017145301575748e-04,9.887237384677490803e-01
1.640000000000000213e+01,3.517585566792107155e-02,3.741840993070753201e-04,9.890881733051564151e-01
1.644999999999999929e+01,3.422888517733480712e-02,3.766914092132408369e-04,9.895163888447170430e-01
1.650000000000000000e+01,3.405538670572495069e-02,3.776906741821909469e-04,9.899710661659645305e-01
1.655000000000000071e+01,3.476897433010896904e-02,3.759760992698044871e-04,9.904054230087910859e-01
1.660000000000000142e+01,3.641178723467883988e-02,3.703083321057736737e-04,9.907693082904174275e-01
1.665000000000000213e+01,3.894850840499489847e-02,3.595888439090213183e-04,9.910072287177259520e-01
1.669999999999999929e+01,4.228586113712976685e-02,3.430684988716912196e-04,9.910298077826695806e-01
1.675000000000000000e+01,4.630257114283972686e-02,3.206665360980438828e-04,9.906474409319556695e-01
1.680000000000000071e+01,5.087392091228339769e-02,2.935356315511655182e-04,9.895735341867132329e-01
1.685000000000000142e+01,5.588474471588467801e-02,2.646168754352961022e-04,9.877105936890583360e-01
1.690000000000000213e+01,6.123371928338474518e-02,2.378696561585305950e-04,9.852639246856574884e-01
1.694999999999999929e+01,6.683345239472977817e-02,2.164558812192325947e-04,9.825654896075449729e-01
1.700000000000000000e+01,7.260854763109668430e-02,2.022609319492538302e-04,9.801061440071933140e-01
1.705000000000000071e+01,7.849336230458718588e-02,1.963581788433870054e-04,9.785085658832578526e-01
1.710000000000000142e+01,8.443009869054032834e-02,1.993956919638568710e-04,9.782645480398344251e-01
1.715000000000000213e+01,9.036753069243330660e-02,2.117869226889860287e-04,9.794287614349221904e-01
1.719999999999999929e+01,9.626038881369183842e-02,2.337963936350014483e-04,9.815919698053007236e-01
1.725000000000000000e+01,1.020679237349196300e-01,2.655767306643413202e-04,9.841639678490173848e-01
1.730000000000000071e+01,1.077539180865594720e-01,3.071847839278687509e-04,9.866711339278751991e-01
1.735000000000000142e+01,1.132852374247791116e-01,3.585852082419212347e-04,9.888637247746167036e-01
1.740000000000000213e+01,1.186302286334373624e-01,4.196461780566239429e-04,9.906708263168386708e-01
1.744999999999999929e+01,1.237572269854746720e-01,4.901284103407965460e-04,9.921170303398263446e-01
1.750000000000000000e+01,1.286334683022269110e-01,5.696681954563661068e-04,9.932614040402000244e-01
1.755000000000000071e+01,1.332238222534746497e-01,6.577546689158344844e-04,9.941661528307703666e-01
1.760000000000000142e+01,1.374901295754005215e-01,7.537038416672605084e-04,9.948846439701377609e-01
1.765000000000000213e+01,1.413925770951232064e-01,8.566368893383264271e-04,9.954589558636488533e-01
1.769999999999999929e+01,1.448909385805900452e-01,9.654653547000495916e-04,9.959209932095846041e-01
1.775000000000000000e+01,1.479463927228374664e-01,1.078887503153519879e-03,9.962945964677281108e-01
1.780000000000000071e+01,1.505239063341814176e-01,1.195399765392722059e-03,9.965975834530752531e-01
1.785000000000000142e+01,1.525960023651848629e-01,1.313328613736436997e-03,9.968434802074428447e-01
1.790000000000000213e+01,1.541443352213552886e-01,1.430875673657026718e-03,9.970427220302373605e-01
1.794999999999999929e+01,1.551615122719066098e-01,1.546174468225503060e-03,9.972035323202292911e-01
1.800000000000000000e+01,1.556511029395813983e-01,1.657350091008232343e-03,9.973324872170070687e-01
1.805000000000000071e+01,1.556266124431320563e-01,1.762575329272745303e-03,9.974348706869786696e-01
1.810000000000000142e+01,1.551098902382929690e-01,1.860119198948931036e-03,9.975149139257832864e-01
1.815000000000000213e+01,1.541293232876724262e-01,1.948385988516536599e-03,9.975759730890583210e-01
1.819999999999999929e+01,1.527175807898779325e-01,2.025943272685272033e-03,9.976206474358243481e-01
1.825000000000000000e+01,1.509094086001528667e-01,2.091539805202832693e-03,9.976508711940312857e-01
1.830000000000000071e+01,1.487401155629290428e-01,2.144116274566977825e-03,9.976680089761814640e-01
1.835000000000000142e+01,1.462443518968960798e-01,2.182810676787797551e-03,9.976729737151673882e-01
1.840000000000000213e+01,1.434553475542121592e-01,2.206958585925943364e-03,9.976663004634169774e-01
1.844999999999999929e+01,1.404045061588600207e-01,2.216090149114478131e-03,9.976481858396641922e-01
1.850000000000000000e+01,1.371212041308558227e-01,2.209925499641017966e-03,9.976184795402104344e-01
1.855000000000000071e+01,1.336339847143281079e-01,2.188372727420632036e-03,9.975766437077463467e-01
1.860000000000000142e+01,1.299710012404677317e-01,2.151530552343806132e-03,9.975215787805917778e-01
1.865000000000000213e+01,1.261605016452777839e-01,2.099700412655318687e-03,9.974512709976589564e-01
1.869999999999999929e+01,1.222313884651345384e-01,2.033415552654961513e-03,9.973621809443418140e-01
1.875000000000000000e+01,1.182143728292368995e-01,1.953496031898795549e-03,9.972484195000530516e-01
1.880000000000000071e+01,1.141433232288397437e-01,1.861131084909532774e-03,9.971006748123847352e-01
1.885000000000000142e+01,1.100553512453530114e-01,1.757983871398868065e-03,9.969050523830739197e-01
1.890000000000000213e+01,1.059916682764595192e-01,1.646298814951898098e-03,9.966426019462371055e-01
1.894999999999999929e+01,1.019975430583302534e-01,1.528965786198192237e-03,9.962904844002806737e-01
1.900000000000000000e+01,9.812199527260205556e-02,1.409475728232372719e-03,9.958258820354312091e-01
1.905000000000000071e+01,9.441720921943418110e-02,1.291706196502746254e-03,9.952322677859949396e-01
1.910000000000000142e+01,9.093739872815760628e-02,1.179557349430036036e-03,9.945071114048344985e-01
1.915000000000000213e+01,8.773887057626400532e-02,1.076542697494705866e-03,9.936704747466964527e-01
1.920000000000000284e+01,8.487728460034782429e-02,9.854647567328080580e-04,9.927728885804056880e-01
1.925000000000000000e+01,8.240531481484815457e-02,9.082412330616990159e-04,9.918986274591894414e-01
1.930000000000000071e+01,8.037090687955984747e-02,8.458700253169598770e-04,9.911573124890850073e-01
1.935000000000000142e+01,7.881533105582168297e-02,7.984871711974244691e-04,9.906590352946612610e-01
1.940000000000000213e+01,7.777121248607758719e-02,7.654775004653099034e-04,9.904789796042557937e-01
1.945000000000000284e+01,7.726080529578199796e-02,7.456128731872163152e-04,9.906294714395003087e-01
1.950000000000000000e+01,7.729385146149629626e-02,7.372030709267058833e-04,9.910571611704956929e-01
1.955000000000000071e+01,7.786767132626314092e-02,7.382463375886574603e-04,9.916668117478768529e-01
1.960000000000000142e+01,7.896765415122235232e-02,7.465722699517647522e-04,9.923554999612215211e-01
1.965000000000000213e+01,8.056814930420115595e-02,7.599714574847836902e-04,9.930388835223610267e-01
1.970000000000000284e+01,8.263448211161651680e-02,7.763061455537881425e-04,9.936615335727284615e-01
1.975000000000000000e+01,8.512528898413401768e-02,7.935978351741629529e-04,9.941949487607513181e-01
1.980000000000000071e+01,8.799487985870577123e-02,8.100928736515795696e-04,9.946297086488391503e-01
1.985000000000000142e+01,9.119544456888427353e-02,8.243061659002101464e-04,9.949672838625350790e-01
1.990000000000000213e+01,9.467868929789860499e-02,8.350472653579237882e-04,9.952138673335706454e-01
1.995000000000000284e+01,9.839603116760670121e-02,8.414342142695672121e-04,9.953766279451873311e-01
2.000000000000000000e+01,1.023019812528308536e-01,8.428960994976123942e-04,9.954612831863905997e-01
2.005000000000000071e+01,1.063555853757094244e-01,8.391710729068420143e-04,9.954709921164934805e-01
2.010000000000000142e+01,1.105210043666376568e-01,8.303033548276735456e-04,9.954061717926507846e-01
2.015000000000000213e+01,1.147678248478705282e-01,8.166386557080924881e-04,9.952646745139948070e-01
2.020000000000000284e+01,1.190711029016703060e-01,7.988166809869641288e-04,9.950424215234418002e-01
2.025000000000000000e+01,1.234111133659241272e-01,7.777581764382014273e-04,9.947346808418372488e-01
2.030000000000000071e+01,1.277729327177621610e-01,7.546432774226505442e-04,9.943383722088793286e-01
2.035000000000000142e+01,1.321450787443162744e-01,7.308759985632600452e-04,9.938555354897649075e-01
2.040000000000000213e+01,1.365167939929954333e-01,7.080343366806321221e-04,9.932984783272256202e-01
2.045000000000000284e+01,1.408763813016742084e-01,6.878052435615826781e-04,9.926955361077266504e-01
2.050000000000000000e+01,1.452098901177784063e-01,6.719090518069941809e-04,9.920956458847602910e-01
2.055000000000000071e+01,1.495001869369599889e-01,6.620186114314741393e-04,9.915681405024572292e-01
2.060000000000000142e+01,1.537265029586146192e-01,6.596784930829311701e-04,9.911937300775696125e-01
2.065000000000000213e+01,1.578645944642420584e-01,6.662293951938259677e-04,9.910456578107195158e-01
2.070000000000000284e+01,1.618868613964523917e-01,6.827418415091422634e-04,9.911667536233862430e-01
2.075000000000000000e+01,1.657632567516912070e-01,7.099629957319072635e-04,9.915535151545782355e-01
2.080000000000000071e+01,1.694645000362773601e-01,7.482825314255725632e-04,9.921567951797071183e-01
2.085000000000000142e+01,1.729635228519268153e-01,7.977155344341636464e-04,9.928992167094002896e-01
2.090000000000000213e+01,1.762366540580497520e-01,8.579012686190338067e-04,9.936989111745300196e-01
2.095000000000000284e+01,1.792646261069035796e-01,9.281161943393930911e-04,9.944881662542531808e-01
2.100000000000000000e+01,1.820334502178162506e-01,1.007299395622811115e-03,9.952215811108996446e-01
2.105000000000000071e+01,1.845361478890901463e-01,1.094090059019418512e-03,9.958754909162345070e-01
2.110000000000000142e+01,1.867717908248033576e-01,1.186869640778338494e-03,9.964427400752026154e-01
2.115000000000000213e+01,1.887458608152809414e-01,1.283810455731866336e-03,9.969265869719793338e-01
2.120000000000000284e+01,1.904700014565585409e-01,1.382927624077430950e-03,9.973356509087775157e-01
2.125000000000000000e+01,1.919612362266579775e-01,1.482131811453440062e-03,9.976804678017283656e-01
2.130000000000000071e+01,1.932411044272383804e-01,1.579282652672934139e-03,9.979715635482733216e-01
2.135000000000000142e+01,1.943347492841650814e-01,1.672242814825471418e-03,9.982184393505387776e-01
2.140000000000000213e+01,1.952706124192510051e-01,1.758934464247584144e-03,9.984292364645340756e-01
2.145000000000000284e+01,1.960802726283335240e-01,1.837398155973827239e-03,9.986107189202230172e-01
2.150000000000000000e+01,1.967968768075380182e-01,1.905849337255783021e-03,9.987683595304268636e-01
2.155000000000000071e+01,1.974542411576191148e-01,1.962733096165656527e-03,9.989065210318058829e-01
2.160000000000000142e+01,1.980856577503349591e-01,2.006774140244688056e-03,9.990285589327446703e-01
2.165000000000000213e+01,1.987225427587271942e-01,2.037022006086801514e-03,9.991370467975791980e-01
2.170000000000000284e+01,1.993929607861223419e-01,2.052884750532084010e-03,9.992339366780289556e-01
2.175000000000000000e+01,2.001198539208834948e-01,2.054147435413584185e-03,9.993206613874487942e-01
2.180000000000000071e+01,2.009195506686888288e-01,2.040974744189941962e-03,9.993982413791913100e-01
2.185000000000000142e+01,2.018003302256523301e-01,2.013895635206697059e-03,9.994673889468974615e-01
2.190000000000000213e+01,2.027610112507979290e-01,1.973768800141713613e-03,9.995286068251464373e-01
2.195000000000000284e+01,2.037905902706560746e-01,1.921731493007842106e-03,9.995823249898504459e-01
2.200000000000000000e+01,2.048684188643047910e-01,1.859131989344172320e-03,9.996289587214507444e-01
2.205000000000000071e+01,2.059649817853418385e-01,1.787455060019734485e-03,9.996689614223887022e-01
2.210000000000000142e+01,2.070434440934571241e-01,1.708246465260758809e-03,9.997028621798732528e-01
2.215000000000000213e+01,2.080608463332208613e-01,1.623040494582612351e-03,9.997312455174461876e-01
2.220000000000000284e+01,2.089714026556580284e-01,1.533301552129377743e-03,9.997547022117615478e-01
2.225000000000000000e+01,2.097298036741045701e-01,1.440383107764460491e-03,9.997737433929826389e-01
2.230000000000000071e+01,2.102935146567295188e-01,1.345503569264140881e-03,9.997886831556763720e-01
2.235000000000000142e+01,2.106248016127586220e-01,1.249738390504985574e-03,9.997995085442998864e-01
2.240000000000000213e+01,2.106923991107499117e-01,1.154025148033885643e-03,9.998057702861663509e-01
2.245000000000000284e+01,2.104736012957412195e-01,1.059175886111248703e-03,9.998063580053631050e-01
2.250000000000000000e+01,2.099545504603742008e-01,9.659017865751834799e-04,9.997992697944944052e-01
2.255000000000000071e+01,2.091299532207412382e-01,8.748409226911127434e-04,9.997813048095383071e-01
2.260000000000000142e+01,2.080023570104423958e-01,7.865839552104024078e-04,9.997475828492766725e-01
2.265000000000000213e+01,2.065807774372789007e-01,7.016950096538055424e-04,9.996907451935970190e-01
2.270000000000000284e+01,2.048790235228736267e-01,6.207263473690171696e-04,9.995996248052732014e-01
2.275000000000000000e+01,2.029138098224297915e-01,5.442263162674502476e-04,9.994570430453962873e-01
2.280000000000000071e+01,2.007030611802714526e-01,4.727413988530747464e-04,9.992363220986637540e-01
2.285000000000000142e+01,1.982642737689312984e-01,4.068115574114877678e-04,9.988959825145297122e-01
2.290000000000000213e+01,1.956126599625570839e-01,3.469580721640796376e-04,9.983719878709759188e-01
2.295000000000000284e+01,1.927603443609646194e-01,2.936697829278743705e-04,9.975684569877077967e-01
2.300000000000000000e+01,1.897159304687759396e-01,2.473905874707340614e-04,9.963520020525639120e-01
2.305000000000000071e+01,1.864843983640054603e-01,2.085105069061956695e-04,9.945666999941962239e-01
2.310000000000000142e+01,1.830673223941425565e-01,1.773620937112762067e-04,9.921081212148138428e-01
2.315000000000000213e+01,1.794635757876675841e-01,1.542231954264055714e-04,9.891030423697249052e-01
2.320000000000000284e+01,1.756698012482276194e-01,1.393255088360513495e-04,9.861447492633648171e-01
2.325000000000000000e+01,1.716816439494391056e-01,1.328685809271971778e-04,9.842703349925633338e-01
2.330000000000000071e+01,1.674950461763744791e-01,1.350394728276368723e-04,9.843323432484696323e-01
2.335000000000000142e+01,1.631068939670834717e-01,1.460328994702450448e-04,9.862344554968734966e-01
2.340000000000000213e+01,1.585156047847502137e-01,1.660694769256431281e-04,9.890438291195038367e-01
2.345000000000000284e+01,1.537218186637669681e-01,1.954098906268285384e-04,9.918068410985491079e-01
2.350000000000000000e+01,1.487297028276380606e-01,2.343620655439225065e-04,9.940422028605421234e-01
2.355000000000000071e+01,1.435468952507462093e-01,2.832822614599066115e-04,9.956761261186459766e-01
2.360000000000000142e+01,1.381858924744722716e-01,3.425650982476658325e-04,9.968148827556680969e-01
2.365000000000000213e+01,1.326645683623744465e-01,4.126242996836326175e-04,9.975963433138332892e-01
2.370000000000000284e+01,1.270065396973192873e-01,4.938641031060458366e-04,9.981343625400354025e-01
2.375000000000000000e+01,1.212415515088538231e-01,5.866416373415249842e-04,9.985097885709871557e-01
2.380000000000000071e+01,1.154065289928628418e-01,6.912191418604360198e-04,9.987764685366400386e-01
2.385000000000000142e+01,1.095463627798430317e-01,8.077071924992530391e-04,9.989693814223391533e-01
2.390000000000000213e+01,1.037140258784927244e-01,9.360017275259612402e-04,9.991111381457331575e-01
2.395000000000000284e+01,9.797093126864533930e-02,1.075715492663825842e-03,9.992163729195419064e-01
2.400000000000000000e+01,9.238665006888027720e-02,1.226108767587113721e-03,9.992946464346258439e-01
2.405000000000000071e+01,8.703799311910982717e-02,1.386024925924376691e-03,9.993522742662405145e-01
2.410000000000000142e+01,8.200715988359419395e-02,1.553838821951346490e-03,9.993934801185564432e-01
2.415000000000000213e+01,7.737895844798570177e-02,1.727426971942503916e-03,9.994211254066374117e-01
2.420000000000000284e+01,7.323562832778066078e-02,1.904174477069853688e-03,9.994372234544609546e-01
2.425000000000000000e+01,6.964988636320862403e-02,2.081031037049708900e-03,9.994433228777938050e-01
2.430000000000000071e+01,6.667694513340921558e-02,2.254622096299810537e-03,9.994407995124590105e-01
2.435000000000000142e+01,6.434620525822055959e-02,2.421413743879526417e-03,9.994310866178931496e-01
2.440000000000000213e+01,6.265470616707585760e-02,2.577916297528173948e-03,9.994158307388526508e-01
2.445000000000000284e+01,6.156492144479346063e-02,2.720895552520963094e-03,9.993969066754746500e-01
2.450000000000000000e+01,6.100795884261207835e-02,2.847557027426936282e-03,9.993762899222533580e-01
2.455000000000000071e+01,6.089192779923914556e-02,2.955674564760648985e-03,9.993558272734572867e-01
2.460000000000000142e+01,6.111313278140019511e-02,3.043651282290334853e-03,9.993369805148678564e-01
2.465000000000000213e+01,6.156692013281375719e-02,3.110522028554931102e-03,9.993206962522926950e-01
2.470000000000000284e+01,6.215622179964104543e-02,3.155910489109068837e-03,9.993073910341992994e-01
2.475000000000000000e+01,6.279713691730871850e-02,3.179958703995642687e-03,9.992970123588348352e-01
2.480000000000000071e+01,6.342202076084460516e-02,3.183244910475846630e-03,9.992891468780337183e-01
2.485000000000000142e+01,6.397959617163075097e-02,3.166701979060747036e-03,9.992831644869588636e-01
2.490000000000000213e+01,6.443368480494326977e-02,3.131540724265973949e-03,9.992783632805336547e-01
2.495000000000000284e+01,6.476129699906693626e-02,3.079176209060839695e-03,9.992740557983749161e-01
2.500000000000000000e+01,6.495044334644993478e-02,3.011160918765751551e-03,9.992696243579470838e-01
2.505000000000000071e+01,6.499794166238606619e-02,2.929125280051711293e-03,9.992645521107148543e-01
2.510000000000000142e+01,6.490742803911973835e-02,2.834725737130607166e-03,9.992584294143934676e-01
2.515000000000000213e+01,6.468779876324623479e-02,2.729601526297795178e-03,9.992509450158391093e-01
2.520000000000000284e+01,6.435101782874345921e-02,2.615342784266473479e-03,9.992418794797015558e-01
2.525000000000000000e+01,6.391202428337072750e-02,2.493466688070547759e-03,9.992310764472498441e-01
2.530000000000000071e+01,6.338796966950957512e-02,2.365403081360397883e-03,9.992184246909913137e-01
2.535000000000000142e+01,6.279732612441110695e-02,2.232489676640459202e-03,9.992038297349551401e-01
2.540000000000000213e+01,6.215903040066878688e-02,2.095977275609283395e-03,9.991871993108806249e-01
2.545000000000000284e+01,6.149166300265102025e-02,1.957040485479213856e-03,9.991684274195367088e-01
2.550000000000000000e+01,6.081268193164550417e-02,1.816791657157216773e-03,9.991473752685826604e-01
2.555000000000000071e+01,6.013820440506658510e-02,1.676295216535220916e-03,9.991238459573777986e-01
2.560000000000000142e+01,5.948281014046204879e-02,1.536580613631044262e-03,9.990975644339464834e-01
2.565000000000000213e+01,5.885821543347297125e-02,1.398652967201893024e-03,9.990681422110655463e-01
2.570000000000000284e+01,5.827298044486915046e-02,1.263500052065900069e-03,9.990350518676500702e-01
2.575000000000000000e+01,5.773219704346949088e-02,1.132092615053274494e-03,9.989976000420922597e-01
2.580000000000000071e+01,5.723743402091667487e-02,1.005377531437787013e-03,9.989548537703364373e-01
2.585000000000000142e+01,5.678697700199872994e-02,8.842661070684812311e-04,9.989055175289319743e-01
2.590000000000000213e+01,5.637636498184133566e-02,7.696180505070242522e-04,9.988477372814410504e-01
2.595000000000000284e+01,5.599939738792406030e-02,6.622213179099366038e-04,9.987788351593276381e-01
2.600000000000000000e+01,5.564914928894931778e-02,5.627673732982441373e-04,9.986947371155898701e-01
2.605000000000000071e+01,5.531929478067560552e-02,4.718274976942276482e-04,9.985891613465683880e-01
2.610000000000000142e+01,5.500584380333531365e-02,3.898272928593913937e-04,9.984521710618948775e-01
2.615000000000000213e+01,5.470813954376334276e-02,3.170245786070685135e-04,9.982677046050377756e-01
2.620000000000000284e+01,5.442948954230610731e-02,2.534928334211619086e-04,9.980094340702930777e-01
2.625000000000000000e+01,5.417738866079526566e-02,1.991115547359751444e-04,9.976342349811168075e-01
2.630000000000000071e+01,5.396332155599978253e-02,1.535633680708980400e-04,9.970726248220331822e-01
2.635000000000000142e+01,5.380248421830104155e-02,1.163398218983488302e-04,9.962178782762872720e-01
2.640000000000000213e+01,5.371287104319751732e-02,8.675817568423198540e-05,9.949245709276360872e-01
2.645000000000000284e+01,5.371323448392734817e-02,6.398899909711028506e-05,9.930491648060228993e-01
2.650000000000000000e+01,5.382168417631052332e-02,4.709443523654733026e-05,9.905957264819786889e-01
2.655000000000000071e+01,5.405442683244858493e-02,3.507582599412151507e-05,9.879862547360810376e-01
2.660000000000000142e+01,5.442468313369359934e-02,2.692805565872933817e-05,9.861864362641230564e-01
2.665000000000000213e+01,5.494182900975975309e-02,2.169609067823923340e-05,9.861357764485202404e-01
2.670000000000000284e+01,5.561040893663817680e-02,1.852860461154565337e-05,9.877393931676962113e-01
2.675000000000000000e+01,5.643018348413050833e-02,1.672104945256758820e-05,9.898427225207332425e-01
2.680000000000000071e+01,5.739613171346392290e-02,1.574106746715563191e-05,9.913085136309597312e-01
2.685000000000000142e+01,5.849874743584644599e-02,1.523186454220875480e-05,9.917080502249273621e-01
2.690000000000000213e+01,5.972457547234798908e-02,1.499370735393105947e-05,9.911867987228081267e-01
2.695000000000000284e+01,6.105685672674956294e-02,1.494924970958267286e-05,9.901157670153093449e-01
2.700000000000000000e+01,6.247626922687065515e-02,1.510249550215753269e-05,9.888824017245230191e-01
2.705000000000000071e+01,6.396175716376757692e-02,1.550139736243870536e-05,9.878072392482439845e-01
2.710000000000000142e+01,6.549166614121709751e-02,1.621065678545814139e-05,9.871107055906397365e-01
2.715000000000000213e+01,6.704450268559546122e-02,1.729618025430934431e-05,9.869010953551494714e-01
2.720000000000000284e+01,6.859957708898579976e-02,1.881871156324525123e-05,9.871816070218885075e-01
2.725000000000000000e+01,7.013892712912364602e-02,2.083319629622488553e-05,9.878745610952432976e-01
2.730000000000000071e+01,7.164768578371125130e-02,2.338999543784556499e-05,9.888584046543843487e-01
2.735000000000000142e+01,7.311419881311381763e-02,2.653567460588853502e-05,9.900031260774929676e-01
2.740000000000000213e+01,7.452995781884338977e-02,3.031242956170502413e-05,9.911954217141574208e-01
2.745000000000000284e+01,7.588937344236548754e-02,3.475614854684648547e-05,9.923510790196305997e-01
2.750000000000000000e+01,7.718944080515824369e-02,3.989361988547704088e-05,9.934167840196761468e-01
2.755000000000000071e+01,7.842955220539532535e-02,4.573967979396875331e-05,9.943655286406031246e-01
2.760000000000000142e+01,7.961069176606809517e-02,5.229446757654557454e-05,9.951893886711242754e-01
2.765000000000000213e+01,8.073466497405405728e-02,5.954110043349152481e-05,9.958926667137638633e-01
2.770000000000000284e+01,8.180385946379681306e-02,6.744444815075545136e-05,9.964859927519068572e-01
2.775000000000000000e+01,8.282115339635584550e-02,7.595093518632114007e-05,9.969825779220532480e-01
2.780000000000000071e+01,8.378998417291022571e-02,8.498968969869092238e-05,9.973960534399880506e-01
2.785000000000000142e+01,8.471459073978661325e-02,9.447513116654036305e-05,9.977393403675955952e-01
2.790000000000000213e+01,8.560044526784339747e-02,1.043109544015424116e-04,9.980241557416899001e-01
2.795000000000000284e+01,8.645496426682650060e-02,1.143954503762726444e-04,9.982608877747989329e-01
2.800000000000000000e+01,8.728819967796123958e-02,1.246277722783442588e-04,9.984585381727364428e-01
2.805000000000000071e+01,8.811362101351978560e-02,1.349149179967638944e-04,9.986247962265595302e-01
2.810000000000000142e+01,8.894864436247662542e-02,1.451789581064427464e-04,9.987662873659289842e-01
2.815000000000000213e+01,8.981487955846141624e-02,1.553637254970060004e-04,9.988885798697244578e-01
2.820000000000000284e+01,9.073803230984543722e-02,1.654405683012807784e-04,9.989961815350039132e-01
2.825000000000000000e+01,9.174739145741721280e-02,1.754127990858734057e-04,9.990924931453047941e-01
2.830000000000000071e+01,9.287486211306381079e-02,1.853186852636592291e-04,9.991797540379580012e-01
2.835000000000000142e+01,9.415299886181992262e-02,1.952324591137709440e-04,9.992590262172317273e-01
2.840000000000000213e+01,9.561275911855554588e-02,2.052635260129938668e-04,9.993303113299426554e-01
2.845000000000000284e+01,9.728139276124543600e-02,2.155544327326932013e-04,9.993928642417859720e-01
2.850000000000000000e+01,9.917961047042216094e-02,2.262767506207945245e-04,9.994456639375639551e-01
2.855000000000000071e+01,1.013200246445792874e-01,2.376258803829954438e-04,9.994879334142636740e-01
2.860000000000000142e+01,1.037064881619575718e-01,2.498154568041159292e-04,9.995196158474091153e-01
2.865000000000000213e+01,1.063344582664678684e-01,2.630715740476897838e-04,9.995416161308553482e-01
2.870000000000000284e+01,1.091923465315638719e-01,2.776275209233107976e-04,9.995557366374835384e-01
2.875000000000000000e+01,1.122638032084480042e-01,2.937201897156625861e-04,9.995643405900362932e-01
2.880000000000000071e+01,1.155292403229203624e-01,3.115874504569587857e-04,9.995699628013877680e-01
2.885000000000000142e+01,1.189687953127982756e-01,3.314693635790848963e-04,9.995748774564423567e-01
2.890000000000000213e+01,1.225652370564566801e-01,3.536139411612000444e-04,9.995808558967486102e-01
2.895000000000000284e+01,1.263043025665357977e-01,3.782829461360173186e-04,9.995891831447000220e-01
2.900000000000000000e+01,1.301741341536881702e-01,4.057563507728188953e-04,9.996007445621877263e-01
2.905000000000000071e+01,1.341639989831814039e-01,4.363334395239720797e-04,9.996160920127189486e-01
2.910000000000000142e+01,1.382628419703996747e-01,4.703292863619623707e-04,9.996354364936403947e-01
2.915000000000000213e+01,1.424575102617257616e-01,5.080650387572157884e-04,9.996585946303552239e-01
2.920000000000000284e+01,1.467298688274781271e-01,5.498481568420980365e-04,9.996849351988973398e-01
2.925000000000000000e+01,1.510555548269677251e-01,5.959462746193481793e-04,9.997133280940260214e-01
2.930000000000000071e+01,1.554031283639022154e-01,6.465553183190489005e-04,9.997421905835335298e-01
2.935000000000000142e+01,1.597341942685517602e-01,7.017649400395674667e-04,9.997696312311693534e-01
2.940000000000000213e+01,1.640044730045481236e-01,7.615251005368828393e-04,9.997936686333614986e-01
2.945000000000000284e+01,1.681663795935766648e-01,8.256197162249137795e-04,9.998124896284057428e-01
2.950000000000000000e+01,1.721707863784603942e-01,8.936475781402225625e-04,9.998246598448901068e-01
2.955000000000000071e+01,1.759691722087970978e-01,9.650135574093584960e-04,9.998292556222817540e-01
2.960000000000000142e+01,1.795183683594409052e-01,1.038939635867006193e-03,9.998259670766167506e-01
2.965000000000000213e+01,1.827819367396210370e-01,1.114486662611162372e-03,9.998150378655890069e-01
2.970000000000000284e+01,1.857307471983132841e-01,1.190583880784488362e-03,9.997971397883080868e-01
2.975000000000000000e+01,1.883428968103681711e-01,1.266065525939698289e-03,9.997731851353509613e-01
2.980000000000000071e+01,1.906031050849022468e-01,1.339709248149472016e-03,9.997441504537205592e-01
2.985000000000000142e+01,1.925022653894648827e-01,1.410275094005862453e-03,9.997109551119923720e-01
2.990000000000000213e+01,1.940382837899974067e-01,1.476547217065495281e-03,9.996744353052915422e-01
2.995000000000000284e+01,1.952128428597097731e-01,1.537364787472017330e-03,9.996352056460505731e-01
3.000000000000000000e+01,1.960306582175655454e-01,1.591648883192184295e-03,9.995936504989225702e-01
3.005000000000000071e+01,1.964985980367494334e-01,1.638424919710895419e-03,9.995499262116319672e-01
3.010000000000000142e+01,1.966248421858222128e-01,1.676839456437906849e-03,9.995039729663782735e-01
3.015000000000000213e+01,1.964181896187641163e-01,1.706171825277671321e-03,9.994555266903454305e-01
3.020000000000000284e+01,1.958875255805800908e-01,1.725842215943982098e-03,9.994041246106516452e-01
3.025000000000000000e+01,1.950417922018641836e-01,1.735418029287742444e-03,9.993491130576070969e-01
3.030000000000000071e+01,1.938906656157575736e-01,1.734620436773586785e-03,9.992896629739729253e-01
3.035000000000000142e+01,1.924440175444749879e-01,1.723328552405530489e-03,9.992247148276206525e-01
3.040000000000000213e+01,1.907130522514843551e-01,1.701585367127493587e-03,9.991529642291004931e-01
3.045000000000000284e+01,1.887107810069824088e-01,1.669603988494851267e-03,9.990727954725725501e-01
3.050000000000000000e+01,1.864523635090150344e-01,1.627773553292573110e-03,9.989821766782587265e-01
3.055000000000000071e+01,1.839553384510955736e-01,1.576664559326629474e-03,9.988785162080836555e-01
3.060000000000000142e+01,1.812397277718461874e-01,1.517032571903827003e-03,9.987584722365274725e-01
3.065000000000000213e+01,1.783279952090099929e-01,1.449819156637465562e-03,9.986177075574093065e-01
3.070000000000000284e+01,1.752451102662923033e-01,1.376148944959956202e-03,9.984506023885769688e-01
3.075000000000000000e+01,1.720193224196915061e-01,1.297321589211834856e-03,9.982499847907441159e-01
3.080000000000000071e+01,1.686802653542722741e-01,1.214794775371613430e-03,9.980067160994204878e-01
3.085000000000000142e+01,1.652580204007043918e-01,1.130157545529358138e-03,9.977093786219245475e-01
3.090000000000000213e+01,1.617825188720247165e-01,1.045093823800292499e-03,9.973441759133392370e-01
3.095000000000000284e+01,1.582829340035911969e-01,9.613371668053523420e-04,9.968953516615814969e-01
3.100000000000000000e+01,1.547870902836165907e-01,8.806161597673571942e-04,9.963465245647126212e-01
3.105000000000000071e+01,1.513209162332010138e-01,8.045958075020738509e-04,9.956836751117560391e-01
3.110000000000000142e+01,1.479078741898988691e-01,7.348198347504395064e-04,9.949006487454431502e-01
3.115000000000000213e+01,1.445679394314829669e-01,6.726596248330771362e-04,9.940076981929775179e-01
3.120000000000000284e+01,1.413181103178552667e-01,6.192734105980514814e-04,9.930426041896456280e-01
3.125000000000000000e+01,1.381727175288543774e-01,5.755785249755554153e-04,9.920803372545911047e-01
3.130000000000000071e+01,1.351437139767525941e-01,5.422346759385710110e-04,9.912333083556237323e-01
3.135000000000000142e+01,1.322410366152991790e-01,5.196402966160359104e-04,9.906333917898744179e-01
3.140000000000000213e+01,1.294729680264264104e-01,5.079394078157970860e-04,9.903941380197691657e-01
3.145000000000000284e+01,1.268464754360277280e-01,5.070314788336450617e-04,9.905677137884884020e-01
3.150000000000000000e+01,1.243675110206211576e-01,5.165815650487431531e-04,9.911223460011425734e-01
3.155000000000000071e+01,1.220412803842661348e-01,5.360293644298002886e-04,9.919561300501760215e-01
3.160000000000000142e+01,1.198723623572878483e-01,5.645978763749704386e-04,9.929373267585418494e-01
3.165000000000000213e+01,1.178645652555480594e-01,6.013030802889979699e-04,9.939453703445532140e-01
3.170000000000000284e+01,1.160208117017831608e-01,6.449657272714556799e-04,9.948944078918674494e-01
3.175000000000000000e+01,1.143429807053182728e-01,6.942299942211780251e-04,9.957369581828893201e-01
3.180000000000000071e+01,1.128317494912131347e-01,7.475911066500145899e-04,9.964558704949940671e-01
3.185000000000000142e+01,1.114863755345463919e-01,8.034335612157234062e-04,9.970532272723343636e-01
3.190000000000000213e+01,1.103044241625961569e-01,8.600797666127518249e-04,9.975411065877506367e-01
3.195000000000000284e+01,1.092817154140034441e-01,9.158462145192588014e-04,9.979352513923845924e-01
3.200000000000000000e+01,1.084122082034936208e-01,9.691031217597425012e-04,9.982515331295082062e-01
3.205000000000000426e+01,1.076879659005547107e-01,1.018333276496834064e-03,9.985045260200240413e-01
3.210000000000000142e+01,1.070992561084459505e-01,1.062183152616687047e-03,9.987067883818178116e-01
3.214999999999999858e+01,1.066347392221368984e-01,1.099502427908263325e-03,9.988687382758988376e-01
3.220000000000000284e+01,1.062816351277071081e-01,1.129370624534301861e-03,9.989988179460088658e-01
3.225000000000000000e+01,1.060262624797709968e-01,1.151110397326839726e-03,9.991037541568059677e-01
3.230000000000000426e+01,1.058543773792070541e-01,1.164289399101435703e-03,9.991888766993901605e-01
3.235000000000000142e+01,1.057515548182980797e-01,1.168711972018543791e-03,9.992584904465499074e-01
3.239999999999999858e+01,1.057038189999094935e-01,1.164399530111465348e-03,9.993159581849997419e-01
3.245000000000000284e+01,1.056980023653637107e-01,1.151569006154970921e-03,9.993639153754951820e-01
3.250000000000000000e+01,1.057223011403491814e-01,1.130607930367829488e-03,9.994044212956415540e-01
3.255000000000000426e+01,1.057670407307127330e-01,1.102047890064707146e-03,9.994390639112363806e-01
3.260000000000000142e+01,1.058247909172088941e-01,1.066538923915443405e-03,9.994690506472434510e-01
3.264999999999999858e+01,1.058903176517815709e-01,1.024825822314883112e-03,9.994952734225012181e-01
3.270000000000000284e+01,1.059603836076566385e-01,9.777268068023802720e-04,9.995183689063369403e-01
3.275000000000000000e+01,1.060334166626440561e-01,9.261138240039583835e-04,9.995387921923633012e-01
3.280000000000000426e+01,1.061092736466416886e-01,8.708925604759020812e-04,9.995568054564860638e-01
3.285000000000000142e+01,1.061883173845207251e-01,8.129856716194729365e-04,9.995725513808010332e-01
3.289999999999999858e+01,1.062706056105412605e-01,7.533147909534852618e-04,9.995860872869015701e-01
3.295000000000000284e+01,1.063557157719503959e-01,6.927820596392623553e-04,9.995973981267998187e-01
3.300000000000000000e+01,1.064427278274442945e-01,6.322516400644308341e-04,9.996064028576296945e-01
3.305000000000000426e+01,1.065303575665490499e-01,5.725318118206306145e-04,9.996129546401109067e-01
3.310000000000000142e+01,1.066173927606548916e-01,5.143582930924910568e-04,9.996168293044414010e-01
3.314999999999999858e+01,1.067030634560436481e-01,4.583798170216177564e-04,9.996177279753223344e-01
3.320000000000000284e+01,1.067876133195301835e-01,4.051461434115504845e-04,9.996153500252660251e-01
3.325000000000000000e+01,1.068731419288537765e-01,3.550974140325353261e-04,9.996092816682453641e-01
3.330000000000000426e+01,1.069636703371336511e-01,3.085614201057089033e-04,9.995989260921885888e-01
3.335000000000000142e+01,1.070650707578559291e-01,2.657561895180627232e-04,9.995834205690294905e-01
3.339999999999999858e+01,1.071848884962126602e-01,2.267965912190759222e-04,9.995614890528999874e-01
3.345000000000000284e+01,1.073323509680332299e-01,1.917041956241921988e-04,9.995311582295637320e-01
3.350000000000000000e+01,1.075182411189334053e-01,1.604196734600168354e-04,9.994892226976983540e-01
3.355000000000000426e+01,1.077542833936727396e-01,1.328169953961520159e-04,9.994302322001573646e-01
3.360000000000000142e+01,1.080528626512046730e-01,1.087185341898805877e-04,9.993443729997226743e-01
3.364999999999999858e+01,1.084263903029849402e-01,8.791098759212297967e-05,9.992136188162978883e-01
3.370000000000000284e+01,1.088866208992820828e-01,7.015925670563956417e-05,9.990041506852591624e-01
3.375000000000000000e+01,1.094439181463323640e-01,5.521846664338159530e-05,9.986515007599077176e-01
3.380000000000000426e+01,1.101066136585438782e-01,4.284404619164769353e-05,9.980319612748950187e-01
3.385000000000000142e+01,1.108802851191815347e-01,3.279974284116958050e-05,9.969112909309921777e-01
3.389999999999999858e+01,1.117665639885129097e-01,2.486349448572244144e-05,9.948719496821837316e-01
3.395000000000000284e+01,1.127625004906453177e-01,1.883106781517295802e-05,9.912911431026713016e-01
3.400000000000000000e+01,1.138601291860710657e-01,1.451749017837623517e-05,9.856877736019528102e-01
3.405000000000000426e+01,1.150462438038609980e-01,1.175636072170422651e-05,9.789982873079663417e-01
3.410000000000000142e+01,1.163024931041468507e-01,1.039731314593118323e-05,9.748555383456417589e-01
3.414999999999999858e+01,1.176048213909297452e-01,1.030169571316768541e-05,9.767452911917599012e-01
3.420000000000000284e+01,1.189246269833908326e-01,1.133715390281933700e-05,9.830437089512508164e-01
3.425000000000000000e+01,1.202304450361373206e-01,1.337203024282381096e-05,9.894467142395376724e-01
3.430000000000000426e+01,1.214890706481374649e-01,1.627014314617228216e-05,9.938631936915056642e-01
3.435000000000000142e+01,1.226667270912265018e-01,1.988664255289594707e-05,9.964022008522406271e-01
3.439999999999999858e+01,1.237302332994175552e-01,2.406553084326207919e-05,9.977361534873371296e-01
3.445000000000000284e+01,1.246481898169847086e-01,2.863929859885994402e-05,9.983944739445990146e-01
3.450000000000000000e+01,1.253931894151141535e-01,3.343161580707332899e-05,9.986891705389759899e-01
3.455000000000000426e+01,1.259415155003854592e-01,3.826158911047209321e-05,9.987859539547441212e-01
3.460000000000000142e+01,1.262741065045637212e-01,4.295004847121379173e-05,9.987691338325385138e-01
3.464999999999999858e+01,1.263768677034967647e-01,4.732705534633153125e-05,9.986799976911182597e-01
3.470000000000000284e+01,1.262403498029172899e-01,5.123968568803701851e-05,9.985368023892442491e-01
3.475000000000000000e+01,1.258592821277638718e-01,5.455954848764392484e-05,9.983448791921818444e-01
3.480000000000000426e+01,1.252320186359860699e-01,5.718954884229926960e-05,9.981014735754217826e-01
3.485000000000000142e+01,1.243599697162500045e-01,5.906958676350984328e-05,9.977978196565053803e-01
3.489999999999999858e+01,1.232477768499634085e-01,6.018138380604895959e-05,9.974201884637152737e-01
3.495000000000000284e+01,1.219027197470968632e-01,6.055174475858747995e-05,9.969498466609306719e-01
3.500000000000000000e+01,1.203344480929410820e-01,6.025437191183566127e-05,9.963631528507502777e-01
3.505000000000000426e+01,1.185551854890109502e-01,5.941033327766589040e-05,9.956328840004646796e-01
3.510000000000000142e+01,1.165796734321296185e-01,5.818670623411208631e-05,9.947318077831270866e-01
3.514999999999999858e+01,1.144250589284163122e-01,5.679322450292370768e-05,9.936407790569133924e-01
3.520000000000000284e+01,1.121107037210467700e-01,5.547686219460739183e-05,9.923636893812030069e-01
3.525000000000000000e+01,1.096578981362892474e-01,5.451442868362024513e-05,9.909495419705417474e-01
3.530000000000000426e+01,1.070895131593507382e-01,5.420346795908061367e-05,9.895152012003790576e-01
3.535000000000000142e+01,1.044302841629266981e-01,5.485134173448617519e-05,9.882513900066420831e-01
3.539999999999999858e+01,1.017054289376871229e-01,5.676343847603338707e-05,9.873858128006978152e-01
3.545000000000000284e+01,9.893958388591400643e-02,6.023171231413072775e-05,9.871015538819305490e-01
3.550000000000000000e+01,9.615613703739081530e-02,6.552430477368724937e-05,9.874519339771593573e-01
3.555000000000000426e+01,9.337660840267916762e-02,7.287692957213137170e-05,9.883349828698718698e-01
3.560000000000000142e+01,9.062010712232010379e-02,8.248657112796608322e-05,9.895482642587489774e-01
3.564999999999999858e+01,8.790288759365914861e-02,9.450771372811230518e-05,9.908782721986031383e-01
3.570000000000000284e+01,8.523802018802617564e-02,1.090511665100879138e-04,9.921645253874332715e-01
3.575000000000000000e+01,8.263519370104174810e-02,1.261853085747943911e-04,9.933171763222391482e-01
3.580000000000000426e+01,8.010063809751248598e-02,1.459391476804201252e-04,9.943035955114505331e-01
3.585000000000000142e+01,7.763704614365649070e-02,1.683068430431727716e-04,9.951261529093144986e-01
3.589999999999999858e+01,7.524428026217820642e-02,1.932522329246724280e-04,9.958037925047449335e-01
3.595000000000000284e+01,7.292001625949652566e-02,2.207128563444700497e-04,9.963605132848171175e-01
3.600000000000000000e+01,7.066038624676482249e-02,2.506029005660528257e-04,9.968194929677448579e-01
3.605000000000000426e+01,6.846066360024510855e-02,2.828145347360326817e-04,9.972007723222438003e-01
3.610000000000000142e+01,6.631596745001899773e-02,3.172173256855379550e-04,9.975207202930960193e-01
3.614999999999999858e+01,6.422195947362430157e-02,3.536555132755798362e-04,9.977922992650508638e-01
3.620000000000000284e+01,6.217551849046875495e-02,3.919431440016664511e-04,9.980255963028743516e-01
3.625000000000000000e+01,6.017601868666203058e-02,4.318561136452955872e-04,9.982283496332011730e-01
3.630000000000000426e+01,5.822482610928204905e-02,4.731245094257793978e-04,9.984065086178653958e-01
3.635000000000000142e+01,5.632576001471649441e-02,5.154241586145180080e-04,9.985645853107165681e-01
3.639999999999999858e+01,5.448515939375565137e-02,5.583689838635564392e-04,9.987059743089344854e-01
3.645000000000000284e+01,5.271113161693492810e-02,6.015066090316526079e-04,9.988332314203627327e-01
3.650000000000000000e+01,5.101253849138619872e-02,6.443187092363771538e-04,9.989482905059384743e-01
3.655000000000000426e+01,4.939779058713680143e-02,6.862273269498228752e-04,9.990526384500565404e-01
3.660000000000000142e+01,4.787359696029740153e-02,7.266077187305740705e-04,9.991473959250070092e-01
3.664999999999999858e+01,4.644439797291097238e-02,7.648072741429458093e-04,9.992334409699415998e-01
3.670000000000000284e+01,4.511104809410425992e-02,8.001706423411704926e-04,9.993115518593590485e-01
3.675000000000000000e+01,4.386975330641861709e-02,8.320688022471679378e-04,9.993824708729588391e-01
3.680000000000000426e+01,4.271202725178072090e-02,8.599288567796048747e-04,9.994469188678229976e-01
3.685000000000000142e+01,4.162502288536498035e-02,8.832620990651447604e-04,9.995055927837568355e-01
3.689999999999999858e+01,4.059221228808301829e-02,9.016880350834917662e-04,9.995591546718772813e-01
3.695000000000000284e+01,3.959435278187339174e-02,9.149523506688830550e-04,9.996082711141577315e-01
3.700000000000000000e+01,3.861072234208517279e-02,9.229354776595481442e-04,9.996535242114370501e-01
3.705000000000000426e+01,3.762128671071080649e-02,9.256531973460817731e-04,9.996953894481052094e-01
3.710000000000000142e+01,3.660781358217437415e-02,9.232496239285928287e-04,9.997342262449335770e-01
3.714999999999999858e+01,3.555477918552353567e-02,9.159842517553612451e-04,9.997702585325793923e-01
3.720000000000000284e+01,3.445071584396654230e-02,9.042141848510182539e-04,9.998035607414103021e-01
3.725000000000000000e+01,3.328933120100752846e-02,8.883732905214151120e-04,9.998340660767842669e-01
3.730000000000000426e+01,3.207045260059725872e-02,8.689497311173599494e-04,9.998615973210932539e-01
3.735000000000000142e+01,3.080090436469348769e-02,8.464628492446970003e-04,9.998859472158014849e-01
3.739999999999999858e+01,2.949563473374842287e-02,8.214380764281624826e-04,9.999069436846801384e-01
3.745000000000000284e+01,2.817894406973868449e-02,7.943818759845307177e-04,9.999245357345071250e-01
3.750000000000000000e+01,2.688643668612381715e-02,7.657556329572462028e-04,9.999388799791373295e-01
3.755000000000000426e+01,2.566751049806209259e-02,7.359476199157212201e-04,9.999503495837732681e-01
3.760000000000000142e+01,2.458735486330691083e-02,7.052458736109536120e-04,9.999593638575414722e-01
3.764999999999999858e+01,2.372740704510252138e-02,6.738166665454369420e-04,9.999658781302820376e-01
3.770000000000000284e+01,2.318208327891059517e-02,6.416970565476392847e-04,9.999683903415057529e-01
3.775000000000000000e+01,2.304943831809132260e-02,6.088126911687947486e-04,9.999625311281531426e-01
3.780000000000000426e+01,2.341578439257809355e-02,5.750284116507099362e-04,9.999397362416759805e-01
3.785000000000000142e+01,2.433761017579757699e-02,5.402264960316027157e-04,9.998867662910843057e-01
3.789999999999999858e+01,2.583030495458961406e-02,5.043933688403651585e-04,9.997863472736314705e-01
3.795000000000000284e+01,2.786853991999166044e-02,4.676858312210617269e-04,9.996180772217645449e-01
3.800000000000000000e+01,3.039660368943365373e-02,4.304583512429519779e-04,9.993583205499585453e-01
3.805000000000000426e+01,3.334171391138838342e-02,3.932520415416405381e-04,9.989787180832221392e-01
3.810000000000000142e+01,3.662447675203744230e-02,3.567573574526662888e-04,9.984441959206645789e-01
3.814999999999999858e+01,4.016484797329764739e-02,3.217635280594986638e-04,9.977122237042969077e-01
3.820000000000000284e+01,4.388476101627802189e-02,2.891037119364733973e-04,9.967359972225522391e-01
3.825000000000000000e+01,4.770807866341122971e-02,2.596008448584397944e-04,9.954760964181837979e-01
3.830000000000000426e+01,5.155754321003001850e-02,2.340152614515575490e-04,9.939267670806168908e-01
3.835000000000000142e+01,5.535888832449024216e-02,2.129965344772977523e-04,9.921541605967049149e-01
3.840000000000000568e+01,5.904229011302546126e-02,1.970428773130902594e-04,9.903349675646795358e-01
3.845000000000000284e+01,6.254325687937539735e-02,1.864706380345648468e-04,9.887566459982468636e-01
3.850000000000000000e+01,6.580360675411398019e-02,1.813955654675341732e-04,9.877364831484629626e-01
3.855000000000000426e+01,6.877250527759162790e-02,1.817267873401423573e-04,9.874752818453423897e-01
3.860000000000000142e+01,7.140749740230288578e-02,1.871736659502138973e-04,9.879498012477291313e-01
3.865000000000000568e+01,7.367545173539202796e-02,1.972648249655086937e-04,9.889399207986747653e-01
3.870000000000000284e+01,7.555537089869908407e-02,2.113804255793218906e-04,9.901590354352900469e-01
3.875000000000000000e+01,7.703892902574413504e-02,2.287926169447083882e-04,9.913751627851435932e-01
3.880000000000000426e+01,7.812770818779925242e-02,2.487078136885424100e-04,9.924553463292897781e-01
3.885000000000000142e+01,7.883341318129190312e-02,2.703103733882760329e-04,9.933503218903069198e-01
3.890000000000000568e+01,7.917631770287852921e-02,2.928028792367324044e-04,9.940609271623536136e-01
3.895000000000000284e+01,7.918352506582712613e-02,3.154408001306486966e-04,9.946102621839891800e-01
3.900000000000000000e+01,7.888714337688682021e-02,3.375596818392996730e-04,9.950272744056541940e-01
3.905000000000000426e+01,7.832247170345660314e-02,3.585938726350117092e-04,9.953391445477067778e-01
3.910000000000000142e+01,7.752628663731919723e-02,3.780865753251644334e-04,9.955686070515724628e-01
3.915000000000000568e+01,7.653530871790478751e-02,3.956917478440166833e-04,9.957337387251172789e-01
3.920000000000000284e+01,7.538499148035375519e-02,4.111692057368503735e-04,9.958485986744410878e-01
3.925000000000000000e+01,7.410947535330207614e-02,4.243750482588513982e-04,9.959240993163732680e-01
3.930000000000000426e+01,7.274053187053676484e-02,4.352473029944379590e-04,9.959686729584817932e-01
3.935000000000000142e+01,7.130753262519663738e-02,4.437893355349965862e-04,9.959889080296948638e-01
3.940000000000000568e+01,6.983807387254006849e-02,4.500527246134889423e-04,9.959900934788776805e-01
3.945000000000000284e+01,6.835859608003530541e-02,4.541203473853077711e-04,9.959766165071761712e-01
3.950000000000000000e+01,6.689500181910584820e-02,4.560903069940110285e-04,9.959521954572816416e-01
3.955000000000000426e+01,6.547319370692351870e-02,4.560615978101523020e-04,9.959200872135312022e-01
3.960000000000000142e+01,6.411944828862331525e-02,4.541214617193359260e-04,9.958832102558085042e-01
3.965000000000000568e+01,6.286054205700154773e-02,4.503345254319736347e-04,9.958441449169415094e-01
3.970000000000000284e+01,6.172358851675936731e-02,4.447343647332181976e-04,9.958050654819952108e-01
3.975000000000000000e+01,6.073649448789299882e-02,4.373182587222329445e-04,9.957676812085809459e-01
3.980000000000000426e+01,5.992723760835873964e-02,4.280452919162561947e-04,9.957330504963899376e-01
3.985000000000000142e+01,5.932116251868878309e-02,4.168384478054244107e-04,9.957012320114057013e-01
3.990000000000000568e+01,5.893901263876406837e-02,4.035925452779126469e-04,9.956709893324733329e-01
3.995000000000000284e+01,5.879516314532372973e-02,3.881891648634617966e-04,9.956393880263861851e-01
4.000000000000000000e+01,5.889631236269044640e-02,3.705200534599759716e-04,9.956011719986559427e-01
4.005000000000000426e+01,5.924088921165585053e-02,3.505200671811257323e-04,9.955478286128881527e-01
4.010000000000000142e+01,5.981929543976143016e-02,3.282088494921861477e-04,9.954662132021718790e-01
4.015000000000000568e+01,6.061492349404826868e-02,3.037376356055481157e-04,9.953368379979307123e-01
4.020000000000000284e+01,6.160573283983574594e-02,2.774322012307182147e-04,9.951322615095826718e-01
4.025000000000000000e+01,6.276502867522555651e-02,2.498164263761350093e-04,9.948160717702664302e-01
4.030000000000000426e+01,6.406333174311490408e-02,2.215992783602206738e-04,9.943425945024229051e-01
4.035000000000000142e+01,6.547052643545429873e-02,1.936156322766612395e-04,9.936560927952700073e-01
4.040000000000000568e+01,6.695619405494612764e-02,1.667333363584297878e-04,9.926894640884543763e-01
4.045000000000000284e+01,6.849039360999671644e-02,1.417545878893072071e-04,9.913653200123042630e-01
4.050000000000000000e+01,7.004402222675285006e-02,1.193386120412004236e-04,9.896077888030881953e-01
4.055000000000000426e+01,7.158891938034857294e-02,9.995719685487691427e-05,9.873792291335126148e-01
4.060000000000000142e+01,7.309787824110057508e-02,8.387992222639353282e-05,9.847559923462504416e-01
4.065000000000000568e+01,7.454470025472376138e-02,7.118028214080891834e-05,9.820312002058407819e-01
4.070000000000000284e+01,7.590439000258257518e-02,6.175499473336309531e-05,9.797583266407907665e-01
4.075000000000000000e+01,7.715390859666979018e-02,5.535084684937276856e-05,9.785848574127401500e-01
4.080000000000000426e+01,7.827224806176581728e-02,5.159483249286248192e-05,9.788782290658245566e-01
4.085000000000000142e+01,7.924099660744060580e-02,5.003212789639239512e-05,9.804586241450884421e-01
4.090000000000000568e+01,8.004580013776405045e-02,5.016604092109120950e-05,9.827385144628454361e-01
4.095000000000000284e+01,8.067685858568218737e-02,5.149634741317861148e-05,9.851044663650501132e-01
4.100000000000000000e+01,8.112932633329507370e-02,5.355358049284183130e-05,9.871682034029100050e-01
4.105000000000000426e+01,8.140357950985029067e-02,5.592714053427318518e-05,9.887832280800787910e-01
4.110000000000000142e+01,8.150531754869674850e-02,5.828556105794595397e-05,9.899527033824423450e-01
4.115000000000000568e+01,8.144562935667425119e-02,6.038798086377814196e-05,9.907439574243684932e-01
4.120000000000000284e+01,8.124136607108636832e-02,6.208642266288066198e-05,9.912389223429777241e-01
4.125000000000000000e+01,8.091377134335614452e-02,6.331862676552747803e-05,9.915132169565757936e-01
4.130000000000000426e+01,8.048800502755576458e-02,6.409461517755124722e-05,9.916327009779289936e-01
4.135000000000000142e+01,7.999214846243728194e-02,6.447880156870597042e-05,9.916546332326972024e-01
4.140000000000000568e+01,7.945599674427311632e-02,6.457028915394514548e-05,9.916296234071559912e-01
4.145000000000000284e+01,7.890977533100043684e-02,6.448369289011239114e-05,9.916023422114781383e-01
4.150000000000000000e+01,7.838285058405136674e-02,6.433231489551230096e-05,9.916105313900942519e-01
4.155000000000000426e+01,7.790251344253128207e-02,6.421487428063861350e-05,9.916828424226891148e-01
4.160000000000000142e+01,7.749319478810887118e-02,6.420641205121415502e-05,9.918366777359084452e-01
4.165000000000000568e+01,7.717552837865301885e-02,6.435321679504418205e-05,9.920771279789950547e-01
4.170000000000000284e+01,7.696552466244438451e-02,6.467123428093967796e-05,9.923974711916212499e-01
4.175000000000000000e+01,7.687436472559258660e-02,6.514717487261978055e-05,9.927821058470840399e-01
4.180000000000000426e+01,7.690838227964096052e-02,6.574178410885615212e-05,9.932104213689931793e-01
4.185000000000000142e+01,7.706926746777749415e-02,6.639430962794708960e-05,9.936605115170146219e-01
4.190000000000000568e+01,7.735450229172669001e-02,6.702761251681476880e-05,9.941121187121386704e-01
4.195000000000000284e+01,7.775802166032454166e-02,6.755370134083056686e-05,9.945483710282603251e-01
4.200000000000000000e+01,7.827107956174104986e-02,6.787961900501256315e-05,9.949563238857700442e-01
4.205000000000000426e+01,7.888420452413058559e-02,6.791396312171328067e-05,9.953265004552951378e-01
4.210000000000000142e+01,7.958785592225921246e-02,6.757377017149337843e-05,9.956519353086344948e-01
4.215000000000000568e+01,8.037367421538890722e-02,6.679185903117772541e-05,9.959268722873189095e-01
4.220000000000000284e+01,8.123610254077374970e-02,6.552456230458614500e-05,9.961447431139978104e-01
4.225000000000000000e+01,8.217299199371928820e-02,6.375966134065873367e-05,9.962964790028819850e-01
4.230000000000000426e+01,8.318586948608647225e-02,6.152364086638657033e-05,9.963694850134539038e-01
4.235000000000000142e+01,8.427988971645943017e-02,5.888637016351433396e-05,9.963461957962483906e-01
4.240000000000000568e+01,8.546351443733246622e-02,5.596259907842140270e-05,9.962031592084836795e-01
4.245000000000000284e+01,8.674797413594910467e-02,5.290993442225976073e-05,9.959121753494065699e-01
4.250000000000000000e+01,8.814671241536316260e-02,4.992372239829367351e-05,9.954465864874162406e-01
4.255000000000000426e+01,8.967498497724965545e-02,4.723005741550732585e-05,9.947975176266204977e-01
4.260000000000000142e+01,9.134842437550588778e-02,4.507798911331042404e-05,9.940044932772944541e-01
4.265000000000000568e+01,9.318213638875846860e-02,4.373269469404029693e-05,9.931921703061120654e-01
4.270000000000000284e+01,9.519000630084349657e-02,4.347089672871971708e-05,9.925802098563075715e-01
4.275000000000000000e+01,9.738402276182897555e-02,4.457834741739403984e-05,9.924182754920568561e-01
4.280000000000000426e+01,9.977362840218806372e-02,4.735004287666727638e-05,9.928492002219785340e-01
4.285000000000000142e+01,1.023651092885121960e-01,5.209275671314968296e-05,9.938030373841035825e-01
4.290000000000000568e+01,1.051610389635798809e-01,5.912779214155029626e-05,9.950338540022649614e-01
4.295000000000000284e+01,1.081597715099849172e-01,6.879318963555669162e-05,9.962659174241856874e-01
4.300000000000000000e+01,1.113552246968855519e-01,8.144425930242691692e-05,9.973143666388737394e-01
4.305000000000000426e+01,1.147369796524529834e-01,9.745165335688530327e-05,9.981115005839236165e-01
4.310000000000000142e+01,1.182896071971239332e-01,1.171951687855031304e-04,9.986704219380289071e-01
4.315000000000000568e+01,1.219928528997635542e-01,1.410534657141748044e-04,9.990392961805657501e-01
4.320000000000000284e+01,1.258220548482565926e-01,1.693897418957934840e-04,9.992714105235573907e-01
4.325000000000000000e+01,1.297486912480619314e-01,2.025338385310236362e-04,9.994116880965790983e-01
4.330000000000000426e+01,1.337410356715843518e-01,2.407610777406761276e-04,9.994934624622191510e-01
4.335000000000000142e+01,1.377648927398217316e-01,2.842690121475776200e-04,9.995396808193141025e-01
4.340000000000000568e+01,1.417843826556624554e-01,3.331537809706566745e-04,9.995652535245287407e-01
4.345000000000000284e+01,1.457623447823520324e-01,3.873864811864549738e-04,9.995793718364783809e-01
4.350000000000000000e+01,1.496615960248311727e-01,4.467930376949334542e-04,9.995874313811562439e-01
4.355000000000000426e+01,1.534454619082799842e-01,5.110380692361575061e-04,9.995923756451082776e-01
4.360000000000000142e+01,1.570776106694936891e-01,5.796127780683667545e-04,9.995955793978967829e-01
4.365000000000000568e+01,1.605222491725509792e-01,6.518290952176615917e-04,9.995974449270366158e-01
4.370000000000000284e+01,1.637442777850688092e-01,7.268216316528502497e-04,9.995978169293961990e-01
4.375000000000000000e+01,1.667094119737702607e-01,8.035572294029145156e-04,9.995962225178609550e-01
4.380000000000000426e+01,1.693842820847346053e-01,8.808529901698999593e-04,9.995920165956757586e-01
4.385000000000000142e+01,1.717365269857071275e-01,9.574023475210996720e-04,9.995844606125685594e-01
4.390000000000000568e+01,1.737349015253732976e-01,1.031808360885979898e-03,9.995727539142422735e-01
4.395000000000000284e+01,1.753498202057019728e-01,1.102624097889630395e-03,9.995560504158540471e-01
4.400000000000000000e+01,1.765514335625202602e-01,1.168391980257163379e-03,9.995333284740021140e-01
4.405000000000000426e+01,1.773107540882007394e-01,1.227688728437163019e-03,9.995033881299248968e-01
4.410000000000000142e+01,1.776025398906778685e-01,1.279178930865029111e-03,9.994649035344519428e-01
4.415000000000000568e+01,1.774061074820796058e-01,1.321668845649437212e-03,9.994163477914848048e-01
4.420000000000000284e+01,1.767061215918175887e-01,1.354157690453405317e-03,9.993558988139511490e-01
4.425000000000000000e+01,1.754933428110379279e-01,1.375884517017102703e-03,9.992813365223810473e-01
4.430000000000000426e+01,1.737653041543908705e-01,1.386368312576432204e-03,9.991899271139224048e-01
4.435000000000000142e+01,1.715268908714177032e-01,1.385439193775723143e-03,9.990782911884077411e-01
4.440000000000000568e+01,1.687908130092971026e-01,1.373258890562369756e-03,9.989422553049489562e-01
4.445000000000000284e+01,1.655801070454988866e-01,1.350332243077354347e-03,9.987768448014552325e-01
4.450000000000000000e+01,1.619277687337732641e-01,1.317502430372539599e-03,9.985761082142446954e-01
4.455000000000000426e+01,1.578752023921474734e-01,1.275930818855282398e-03,9.983329313217078615e-01
4.460000000000000142e+01,1.534726428786827856e-01,1.227062580151629546e-03,9.980390866911821313e-01
4.465000000000000568e+01,1.487784333149750060e-01,1.172578530105748869e-03,9.976854015124011488e-01
4.470000000000000284e+01,1.438582322757637200e-01,1.114336115038977535e-03,9.972623240322606719e-01
4.475000000000000000e+01,1.387841671954624378e-01,1.054300073252778394e-03,9.967611189944884931e-01
4.480000000000000426e+01,1.336339323077976593e-01,9.944651944409029810e-04,9.961759864911774454e-01
4.485000000000000142e+01,1.284898043768755715e-01,9.367741624516725835e-04,9.955073312450933853e-01
4.490000000000000568e+01,1.234375180634076641e-01,8.830340720222612993e-04,9.947660815525098954e-01
4.495000000000000284e+01,1.185644516520488051e-01,8.348362644701784376e-04,9.939781465102532909e-01
4.500000000000000000e+01,1.139589632834470817e-01,7.934835963814662304e-04,9.931873721972553914e-01
4.505000000000000426e+01,1.097077550077399655e-01,7.599316595057689378e-04,9.924537096943799597e-01
4.510000000000000142e+01,1.058915854094177461e-01,7.347496297645392726e-04,9.918442113248405745e-01
4.515000000000000568e+01,1.025820170554132826e-01,7.181059010573093019e-04,9.914179397832882934e-01
4.520000000000000284e+01,9.983766900969186231e-02,7.097820277974959150e-04,9.912096761009392409e-01
4.525000000000000000e+01,9.770037863654681964e-02,7.092151713503806265e-04,9.912201425576131486e-01
4.530000000000000426e+01,9.619191830911574814e-02,7.155651942466101541e-04,9.914178801273754171e-01
4.535000000000000142e+01,9.531200481283652604e-02,7.277982203808808486e-04,9.917513387680484405e-01
4.540000000000000568e+01,9.503816550605663493e-02,7.447753426859540869e-04,9.921644629082546629e-01
4.545000000000000284e+01,9.532675650824830316e-02,7.653360943375264302e-04,9.926089964884048378e-01
4.550000000000000000e+01,9.611633259207140456e-02,7.883658225793033561e-04,9.930504310591342643e-01
4.555000000000000426e+01,9.733312297446876371e-02,8.128394544225686809e-04,9.934681175019438593e-01
4.560000000000000142e+01,9.889579118208738362e-02,8.378418436445416806e-04,9.938523596099101409e-01
4.565000000000000568e+01,1.007197870494418029e-01,8.625692791026404009e-04,9.942007297301705959e-01
4.570000000000000284e+01,1.027209503263193657e-01,8.863177999089768026e-04,9.945148765856832718e-01
4.575000000000000000e+01,1.048182411581757151e-01,9.084643706589878723e-04,9.947982520307594445e-01
4.580000000000000426e+01,1.069356590251871880e-01,9.284462938229616014e-04,9.950547087330611218e-01
4.585000000000000142e+01,1.090035045981763706e-01,9.457429277876274994e-04,9.952877504180812629e-01
4.590000000000000568e+01,1.109591554102297845e-01,9.598623114327003948e-04,9.955001699445703567e-01
4.595000000000000284e+01,1.127485304496016749e-01,9.703331053885785960e-04,9.956939659405978915e-01
4.600000000000000000e+01,1.143241751847969417e-01,9.767053471079574153e-04,9.958705072471129016e-01
4.605000000000000426e+01,1.156454041822059103e-01,9.785563673200712784e-04,9.960305444689638854e-01
4.610000000000000142e+01,1.166795988806614975e-01,9.755007674258649565e-04,9.961742274576342870e-01
4.615000000000000568e+01,1.174015245013798753e-01,9.672053679902690689e-04,9.963012111684106387e-01
4.620000000000000284e+01,1.177926060975105910e-01,9.534075825509057090e-04,9.964107170622440446e-01
4.625000000000000000e+01,1.178402225979038320e-01,9.339356207600378774e-04,9.965015359242339610e-01
4.630000000000000426e+01,1.175370625518462470e-01,9.087289830714396057e-04,9.965719610140231222e-01
4.635000000000000142e+01,1.168805715626353298e-01,8.778578180412446690e-04,9.966196381782140845e-01
4.640000000000000568e+01,1.158725728190878324e-01,8.415397969898665530e-04,9.966413500875899167e-01
4.645000000000000284e+01,1.145212427691480878e-01,8.001513784593586092e-04,9.966324488152448202e-01
4.650000000000000000e+01,1.128387933382444669e-01,7.542393793773555666e-04,9.965863679661818297e-01
4.655000000000000426e+01,1.108415918850780973e-01,7.045253895732629798e-04,9.964940429582348491e-01
4.660000000000000142e+01,1.085509097633892694e-01,6.518972741635975553e-04,9.963428664963449588e-01
4.665000000000000568e+01,1.059925783578901104e-01,5.973911262419705041e-04,9.961152351458346654e-01
4.670000000000000284e+01,1.031965941243367796e-01,5.421636663551792799e-04,9.957866519191655996e-01
4.675000000000000000e+01,1.001966728071234242e-01,4.874557336363544396e-04,9.953235504805142408e-01
4.680000000000000426e+01,9.702974952321830049e-02,4.345481991180749886e-04,9.946816004516879639e-01
4.685000000000000142e+01,9.373541894729305046e-02,3.847122838935134056e-04,9.938066759867190125e-01
4.690000000000000568e+01,9.035540544136883012e-02,3.391567159567857905e-04,9.926437272666740474e-01
4.695000000000000284e+01,8.693507921706759844e-02,2.989679159499098035e-04,9.911620610875628845e-01
4.700000000000000000e+01,8.352147225788743301e-02,2.650558781966098226e-04,9.894052524779127777e-01
4.705000000000000426e+01,8.016073116290572953e-02,2.381123546472111612e-04,9.875599230430013309e-01
4.710000000000000142e+01,7.689721122946258092e-02,2.185784753837958117e-04,9.859932194409738448e-01
4.715000000000000568e+01,7.377257829381056453e-02,2.066263703300271252e-04,9.851651306242339423e-01
4.720000000000000284e+01,7.082494616883397431e-02,2.021561523137283011e-04,9.853880299263392262e-01
4.725000000000000000e+01,6.808808982156679124e-02,2.048085792935224478e-04,9.866066659806811412e-01
4.730000000000000426e+01,6.559076757490772680e-02,2.139926493181131461e-04,9.884309992376829612e-01
4.735000000000000142e+01,6.335612844484588002e-02,2.289264190700728431e-04,9.903882641023330491e-01
4.740000000000000568e+01,6.140026571190621008e-02,2.486898368315501443e-04,9.921430894038771875e-01
4.745000000000000284e+01,5.973342260256565145e-02,2.722825071581325401e-04,9.935502949833227015e-01
4.750000000000000000e+01,5.836059928528233853e-02,2.986816525160965706e-04,9.945993103832247995e-01
4.755000000000000426e+01,5.728206590924899561e-02,3.268973657703778371e-04,9.953430785979560103e-01
4.760000000000000142e+01,5.649425132205564831e-02,3.560197829195959696e-04,9.958511422277082081e-01
4.765000000000000568e+01,5.599058235179777548e-02,3.852523518312406183e-04,9.961881812659295621e-01
4.770000000000000284e+01,5.576225533767429493e-02,4.139282757157442200e-04,9.964073115471772102e-01
4.775000000000000000e+01,5.579893955812113837e-02,4.415091359246146939e-04,9.965496309216934634e-01
4.780000000000000426e+01,5.608942001532123828e-02,4.675673316894026193e-04,9.966456155701822750e-01
4.785000000000000142e+01,5.662218425231027585e-02,4.917568224022249735e-04,9.967167070409697072e-01
4.790000000000000568e+01,5.738564407727157757e-02,5.137792756039325946e-04,9.967767351254209762e-01
4.795000000000000284e+01,5.836714733862319315e-02,5.333545559215155168e-04,9.968333282942832829e-01
4.800000000000000000e+01,5.955586041943081860e-02,5.501967221222310188e-04,9.968890523040763174e-01
4.805000000000000426e+01,6.094021896103982844e-02,5.640064340214491316e-04,9.969430222625178528e-01
4.810000000000000142e+01,6.250693941492055372e-02,5.744777332370746767e-04,9.969922061701828042e-01
4.815000000000000568e+01,6.424055522076557723e-02,5.813161928211518564e-04,9.970324283614402372e-01
4.820000000000000284e+01,6.612306700372105883e-02,5.842644221908979392e-04,9.970590592818898701e-01
4.825000000000000000e+01,6.813373888769122533e-02,5.831303268678267055e-04,9.970674007491983071e-01
4.830000000000000426e+01,7.024907131456642473e-02,5.778137698042354851e-04,9.970528213900961001e-01
4.835000000000000142e+01,7.244297840506183639e-02,5.683280617502838115e-04,9.970107136566342954e-01
4.840000000000000568e+01,7.468696763710630515e-02,5.548138403306605545e-04,9.969364745043228782e-01
4.845000000000000284e+01,7.694745509756412138e-02,5.375432362837592954e-04,9.968254504049562925e-01
4.850000000000000000e+01,7.918753731963282250e-02,5.169147185263858963e-04,9.966727152600285411e-01
4.855000000000000426e+01,8.137100477415457056e-02,4.934383800361286663e-04,9.964727811097737753e-01
4.860000000000000142e+01,8.346424582999527331e-02,4.677131820499718577e-04,9.962193998277597551e-01
4.865000000000000568e+01,8.543824617629854068e-02,4.404009707001499516e-04,9.959055002980702342e-01
4.870000000000000284e+01,8.727059315655068261e-02,4.122001610714906626e-04,9.955233971420434091e-01
4.875000000000000000e+01,8.894733246456772158e-02,3.838214794700701028e-04,9.950655140108989327e-01
4.880000000000000426e+01,9.046450245591669548e-02,3.559673530312339141e-04,9.945260070903048089e-01
4.885000000000000142e+01,9.182967460237786983e-02,3.293158960500255743e-04,9.939037393150484956e-01
4.890000000000000568e+01,9.306259575963546360e-02,3.045092448723020224e-04,9.932072845948732853e-01
4.895000000000000284e+01,9.419170751907463002e-02,2.821397106765862004e-04,9.924619837938145617e-01
4.900000000000000000e+01,9.525293612128454823e-02,2.627409573132072438e-04,9.917173109412592558e-01
4.905000000000000426e+01,9.628663462226849656e-02,2.467789058448670672e-04,9.910510063915849432e-01
4.910000000000000142e+01,9.733426331033286083e-02,2.346411243724183212e-04,9.905635163159648426e-01
4.915000000000000568e+01,9.843522813886279588e-02,2.266266722998301001e-04,9.903576301196320708e-01
4.920000000000000284e+01,9.962419090319205028e-02,2.229371089715927190e-04,9.905058628671573606e-01
4.925000000000000000e+01,1.009291061173838017e-01,2.236695655335573646e-04,9.910199385980228426e-01
4.930000000000000426e+01,1.023711573104308520e-01,2.288139008389845094e-04,9.918413524252511770e-01
4.935000000000000142e+01,1.039654766803233404e-01,2.382549751620403097e-04,9.928608348762351099e-01
4.940000000000000568e+01,1.057206341316070802e-01,2.517785386287733386e-04,9.939542309721122182e-01
4.945000000000000284e+01,1.076405891530265307e-01,2.690822368527910386e-04,9.950160386769153487e-01
4.950000000000000000e+01,1.097256803977467859e-01,2.897932778182432862e-04,9.959766905706183282e-01
4.955000000000000426e+01,1.119734977063257392e-01,3.134907836986752729e-04,9.968025592278391134e-01
4.960000000000000142e+01,1.143795728805803158e-01,3.397298832423319604e-04,9.974869005433195657e-01
4.965000000000000568e+01,1.169378555500818484e-01,3.680658386020974255e-04,9.980390933455126623e-01
4.970000000000000284e+01,1.196409709967357349e-01,3.980764502328382366e-04,9.984760481839736190e-01
4.975000000000000000e+01,1.224802039584761693e-01,4.293809585260686154e-04,9.988167036144763866e-01
4.980000000000000426e+01,1.254452775149166033e-01,4.616539312816803184e-04,9.990790916012076694e-01
4.985000000000000142e+01,1.285238429942053839e-01,4.946327025386435287e-04,9.992791977675012927e-01
4.990000000000000568e+01,1.317005979538289628e-01,5.281160892229229105e-04,9.994304429779025112e-01
4.995000000000000284e+01,1.349570804343591668e-01,5.619572405830507416e-04,9.995438017638093031e-01
5.000000000000000000e+01,1.382716333884211335e-01,5.960516426301149234e-04,9.996281202390956411e-01
